,Unlabeled_Ecbm
0,-3.8396150175860857
1,-3.6845396769828556
2,-4.469130750930859
3,-4.7043224802638814
4,-5.0661960193229145
5,-5.026483863528759
6,-5.177197095148491
7,-4.511359254930742
8,-5.04317467036408
9,-4.166250677981578
10,-5.436231380063904
11,-5.263009424818143
12,-4.574124214491372
13,-4.435988668013298
14,-4.653269123122273
15,-4.147304067934319
16,-4.428082253661026
17,-4.262582512137916
18,-5.28952466715597
19,-4.395420485261689
20,-4.269842399673989
21,-4.2167681537983706
22,-3.6685271977919616
23,-4.3480912983582245
24,-4.264496316057166
25,-4.494595913607269
26,-3.7916742596013773
27,-4.062681106369146
28,-4.612565547706831
29,-4.69721997041098
30,-3.475177315134573
31,-3.6464289408962562
32,-3.6258241944260163
33,-4.410630901305715
34,-4.582268528390827
35,-5.404485867932054
36,-4.833001972360792
37,-4.529838873065041
38,-4.107575518289362
39,-4.455623085490183
40,-4.206847601408745
41,-4.980888538658856
42,-4.189992847491566
43,-4.768640165298559
44,-4.133903266950747
45,-4.735970879211671
46,-4.989559641734681
47,-5.162440433825827
48,-5.215140825792411
49,-4.358767520907833
50,-4.241296072621622
51,-4.511534878962762
52,-4.866122326415656
53,-4.473699859867896
54,-4.015340323749117
55,-3.860644499107715
56,-3.522158157898027
57,-4.154767826645502
58,-4.56329961606709
59,-4.342595390503018
60,-4.126690374475141
61,-3.9388955143178777
62,-4.371324156013274
63,-4.187630293057935
64,-4.238195535250746
65,-5.184421959111045
66,-5.429538713445587
67,-4.2754610930795796
68,-4.94459743328384
69,-4.354960006871072
70,-4.024978226282029
71,-3.9221414723198667
72,-5.329366777730561
73,-5.142136104218933
74,-5.224197367134062
75,-4.838539389254929
76,-4.204182442009624
77,-5.3577998365011315
78,-5.414790748285006
79,-5.031355798191835
80,-5.353570226508637
81,-5.102846244483982
82,-5.250018341423168
83,-4.289979567024003
84,-4.802783560513233
85,-4.893635565691032
86,-5.586013522310637
87,-5.1702147203978335
88,-5.267631405527618
89,-5.302051192912896
90,-5.664469253266187
91,-5.373317487644066
92,-5.483125682768666
93,-5.593780703701205
94,-5.783017602744683
95,-5.354926150974695
96,-4.76663911663211
97,-5.286359678314368
98,-6.293352990889498
99,-5.329202866669365
100,-5.163613614537259
101,-5.430882796894733
102,-5.463655564756057
103,-5.281207367415167
104,-5.463804527056949
105,-4.954657121430601
106,-4.766723646643843
107,-5.395877202815078
108,-5.2736255957508895
109,-6.234541913448124
110,-5.245283235084225
111,-3.882735736191525
112,-4.1723645200476085
113,-3.4625631914719497
114,-5.029894016213932
115,-5.314037180347412
116,-5.404615831210226
117,-4.239281041219796
118,-4.294304007247637
119,-6.020257030076868
120,-4.414630077952719
121,-4.284765063647944
122,-4.596548388788373
123,-5.901681860257824
124,-5.122222623419488
125,-5.06053237546428
126,-4.92843747477421
127,-5.832295464444643
128,-5.460049554927351
129,-5.224151679982903
130,-4.929399299419315
131,-4.859235950675162
132,-6.022276713290971
133,-4.5725049546061145
134,-4.96015060692652
135,-5.194258917301811
136,-5.373938819894906
137,-6.127049950879632
138,-6.880247952372513
139,-5.704223979020317
140,-5.742569346147481
141,-5.52942563955909
142,-5.5863587648693676
143,-6.58466587013516
144,-6.818614808345001
145,-5.217329006042425
146,-5.3838867737854885
147,-6.252773071257194
148,-5.180775856983074
149,-5.231367214038827
150,-5.395620402931512
151,-6.127462217548645
152,-4.4051489649606905
153,-5.1215280297326835
154,-4.9791411539277854
155,-4.616114876527534
156,-4.8490984939068795
157,-5.886057454916568
158,-5.23419514757903
159,-5.136997077507205
160,-5.874195575991733
161,-4.847489367235389
162,-5.072507166500427
163,-4.286434787574619
164,-5.9288169934854515
165,-4.412704993484963
166,-5.043493595713407
167,-5.20823648695019
168,-4.778846596400349
169,-5.008240626976182
170,-3.9821735909781637
171,-6.179114488034829
172,-4.008990697425733
173,-3.962967297469489
174,-4.776494901317987
175,-5.0809211989928675
176,-5.912187223541247
177,-3.7518329411624753
178,-3.916022029840268
179,-4.194977484971087
180,-6.137544118378141
181,-4.548287705099649
182,-4.493315120988658
183,-4.474629920053024
184,-4.206503686608927
185,-4.09381019323004
186,-4.668313945682288
187,-5.2339354578194905
188,-4.716700316931954
189,-4.499112168213145
190,-4.846822654069148
191,-4.997834113174694
192,-5.348671558756851
193,-6.284252105717899
194,-4.915467151149982
195,-4.151901543406883
196,-4.272771417119637
197,-4.926599474094865
198,-4.740377884758948
199,-4.615464987897797
200,-4.72706354526011
201,-5.096579989672386
202,-5.1939059262986
203,-5.075454415255967
204,-6.09716206271019
205,-5.298901540532322
206,-6.062346258327762
207,-4.084057245612223
208,-3.8847629126656384
209,-4.748154705029491
210,-5.688860422149268
211,-6.042121631097434
212,-4.369136886928114
213,-4.440092236000161
214,-4.768594021215372
215,-5.602526384373968
216,-5.707849566010845
217,-6.039826400533528
218,-4.2185940230578085
219,-3.8008996336925955
220,-4.454104380561898
221,-3.9708541281147527
222,-4.734201821036471
223,-5.786117768104786
224,-4.490103180972098
225,-4.338193855398877
226,-4.524528959409057
227,-4.557810911003457
228,-4.756606781727248
229,-5.209983285612623
230,-4.028075476267465
231,-5.983238959791442
232,-4.2866953888701085
233,-5.128333173337982
234,-5.435084375494369
235,-5.058215591091668
236,-4.6379944366162755
237,-4.412164158880237
238,-4.38496947942201
239,-5.475305631574528
240,-5.791124896522164
241,-5.875063779227995
242,-3.9918362143313804
243,-5.281563007569098
244,-6.051532037179749
245,-4.081984109750605
246,-5.925471408309238
247,-6.1019753818269775
248,-5.032116700095358
249,-4.701268015104509
250,-6.229071789134454
251,-5.467647157334388
252,-6.1874826736671364
253,-5.40336494399108
254,-5.244403455206384
255,-6.367888108731544
256,-5.135593281790616
257,-5.315803847571519
258,-5.2574128463177985
259,-4.523783150159944
260,-4.3554321407771335
261,-5.602255056172072
262,-5.9017920773126775
263,-5.498095594969254
264,-5.82820049499306
265,-5.952642310651544
266,-4.725138158416039
267,-4.832560680378477
268,-4.6319802783316
269,-5.009349792313536
270,-5.238462498824391
271,-4.796849623228506
272,-5.107340404119781
273,-5.315606450099104
274,-4.015015804898503
275,-4.549344420988551
276,-4.40226093698036
277,-5.424330830339968
278,-4.327385171916527
279,-5.803331844298188
280,-4.984844627285653
281,-5.445301271260361
282,-4.9489008750652825
283,-5.085034821323249
284,-4.503388660619488
285,-4.329294024726209
286,-5.299962000231863
287,-5.295021047457984
288,-4.7628457242998525
289,-4.6791405387167195
290,-6.240130929168328
291,-5.091556058745124
292,-4.7466361537152855
293,-4.479921753975575
294,-4.086891288633371
295,-4.360387707531941
296,-4.1180245491677985
297,-5.7621966850573445
298,-4.646264362103149
299,-4.109754060474595
300,-5.798976002936875
301,-3.980847905290447
302,-4.016018484487089
303,-4.227366130627955
304,-4.602653365863814
305,-5.1518574415844585
306,-4.417258988038972
307,-4.338930004044035
308,-4.07641943822257
309,-5.936815993025249
310,-4.57443105012066
311,-4.487393780140179
312,-4.66984435542324
313,-5.59936215225244
314,-4.164458630503065
315,-4.1096163185875145
316,-4.305677117699915
317,-5.358989269149298
318,-4.58761078628234
319,-4.891946626970505
320,-3.937424224386395
321,-6.167550983199968
322,-4.678960651834824
323,-4.117644274740088
324,-4.323954834950037
325,-5.566818921152109
326,-4.590181483143876
327,-5.893754560196281
328,-5.7061446431682405
329,-5.616700720175061
330,-4.090302882604856
331,-5.37030446656259
332,-6.1475896418141485
333,-6.00211683303566
334,-5.628906229720074
335,-6.366823539086054
336,-6.150516084635524
337,-6.050054284481139
338,-5.9557903167549116
339,-5.276967390413022
340,-6.092772862524042
341,-6.0303166312854595
342,-6.32388229439804
343,-6.1198195068448715
344,-6.125944517505996
345,-5.934692832048681
346,-5.775233048289696
347,-5.383091550743611
348,-6.040157866117429
349,-5.24389642132159
350,-3.533096516643787
351,-5.720125915989887
352,-3.6196715433839852
353,-4.021664582477996
354,-3.8863800336800027
355,-5.073993112486005
356,-3.3894472045110984
357,-3.4830172702687046
358,-3.6700316011392244
359,-4.830620319039325
360,-4.88148705883652
361,-3.7194576077232515
362,-4.073040125599143
363,-5.4102559946500035
364,-3.504160253555508
365,-3.8386598460736687
366,-3.4482120427935903
367,-6.307059686212219
368,-3.9877031869020696
369,-4.291714410107527
370,-3.938443701364376
371,-4.204046714667545
372,-5.159161394492877
373,-6.054651342241423
374,-4.058849981969097
375,-6.490305070463148
376,-6.218365821692434
377,-6.257715801433041
378,-6.149895804761747
379,-6.104365024762078
380,-5.368471357966187
381,-6.214497387538888
382,-6.437496539703011
383,-6.222458076327405
384,-5.828631606322017
385,-5.8377935646951515
386,-5.442932479415487
387,-6.181079886493725
388,-5.337779076878768
389,-6.322429749021997
390,-6.034793883742231
391,-5.864321700026215
392,-6.312412761501871
393,-5.879704485540677
394,-5.684031086478408
395,-5.981262367181179
396,-4.396608769937535
397,-3.69597878247372
398,-3.865630743357814
399,-3.820236410747767
400,-5.151162322616424
401,-4.740165138847823
402,-5.265753912450929
403,-4.360479658179076
404,-5.465425083072764
405,-4.616789962155714
406,-3.8856465482121854
407,-4.174193958136298
408,-4.982044144713885
409,-4.350618286431328
410,-4.66328751109332
411,-5.473134748656604
412,-4.382045364240795
413,-6.226284539805838
414,-4.452158468864537
415,-5.927419024487044
416,-4.158349182755148
417,-4.253606114873531
418,-5.2228515132091875
419,-5.677284387476715
420,-4.377598304119688
421,-6.029126496031938
422,-6.012376936957109
423,-4.59008282921871
424,-4.567371149365034
425,-4.561335203224486
426,-6.123139347889061
427,-5.167919442450176
428,-5.84445551584055
429,-6.113359111032248
430,-5.560505231981652
431,-5.400423011964382
432,-5.97273302999713
433,-5.377767402789803
434,-5.770106105478799
435,-3.6207568681347517
436,-3.9473845162484125
437,-5.341292113963647
438,-3.946142070310632
439,-4.268339295551869
440,-5.95999400673006
441,-3.659604147886143
442,-4.091313682335797
443,-3.616267972521383
444,-4.2238764976048175
445,-5.317693276348078
446,-4.34622084482323
447,-5.824486222873495
448,-4.591039026695681
449,-4.351173532984513
450,-4.15769890572779
451,-4.429815973673296
452,-4.733968544453954
453,-3.678762739077283
454,-3.8828804026673334
455,-5.101361928045223
456,-3.835041361601088
457,-3.874720014342026
458,-4.3280260168172155
459,-4.783425497148613
460,-4.8379724898928425
461,-4.684702577884357
462,-4.202985138476187
463,-4.441935235709891
464,-4.054060793482792
465,-4.886160827417296
466,-3.8151375492594077
467,-5.204419754621035
468,-3.869002858726737
469,-5.1270693567755705
470,-3.9435110326911795
471,-3.930987520710043
472,-5.251702119774407
473,-4.108915509339533
474,-4.303787345873045
475,-5.843514427068122
476,-5.059841096867617
477,-5.302218649138479
478,-5.975783253882052
479,-5.081940606627955
480,-5.259478109333308
481,-4.911329634890444
482,-5.000854770014505
483,-4.9232825771687905
484,-4.8884350150493665
485,-4.858740004046263
486,-4.398849887315989
487,-5.10216534578504
488,-4.068570283823828
489,-4.7218008633526924
490,-4.550391061466635
491,-4.5181738952644634
492,-4.3348371948833595
493,-4.524870879677663
494,-4.786667286631522
495,-5.508753290652266
496,-5.668955981865742
497,-6.14575439889063
498,-5.42279495669823
499,-5.407712163539946
500,-3.9507446874957095
501,-5.274501275345175
502,-5.377528167342816
503,-6.03536466918961
504,-4.935820585375413
505,-4.307440706906805
506,-4.468104608245714
507,-4.233187399254483
508,-5.797847615502176
509,-5.938589830176038
510,-4.451257196891582
511,-4.899003347283708
512,-4.938191112958731
513,-5.1287255129074305
514,-4.307445496111846
515,-4.435853654004965
516,-4.788193985683198
517,-4.226636951187516
518,-4.970608599933439
519,-4.110160571397638
520,-4.54492630870311
521,-4.587975060416265
522,-4.2184206426062705
523,-4.8498142980584245
524,-4.381228336284478
525,-4.923894321430457
526,-4.533097555606659
527,-6.072662797050165
528,-4.808778506498539
529,-5.1660388136700774
530,-5.555408564668303
531,-5.2569079494841136
532,-4.578147617241469
533,-5.758808513599163
534,-4.660943657236046
535,-4.648075084765009
536,-4.372373370853225
537,-4.280229021182695
538,-4.671671159364162
539,-5.243000055227269
540,-5.313970591351339
541,-4.303749205578649
542,-5.385867151886642
543,-5.080007676609839
544,-5.262134944582457
545,-4.85844699450362
546,-5.396098394020829
547,-5.352258005768893
548,-5.527207516791958
549,-5.016799871980723
550,-6.009071032355763
551,-4.920029809608803
552,-4.897147868867289
553,-5.138230972997836
554,-5.133441933145079
555,-5.391407010603154
556,-5.098577517644316
557,-4.452242992118849
558,-5.194493767330484
559,-6.25042313785455
560,-4.934849186961949
561,-4.903982772086025
562,-5.588758227059209
563,-5.901326050820492
564,-4.797653608000852
565,-5.5781921796485765
566,-5.796189757419351
567,-5.4625377958706
568,-6.065356335450399
569,-5.762550553452111
570,-4.811402762702362
571,-4.628630409692772
572,-4.760335079612138
573,-4.803674331151714
574,-4.696992469101871
575,-4.543138373031666
576,-4.774752557076552
577,-4.785845748688686
578,-4.643696541795767
579,-4.972089272227643
580,-4.500891613177379
581,-4.426966190859331
582,-4.72454265422476
583,-4.806223620002946
584,-5.110726799323365
585,-5.1806326598970935
586,-5.657752855131694
587,-5.641139796278401
588,-4.558363340423674
589,-4.814757464893861
590,-5.96963473132667
591,-4.8048766438363
592,-5.011819009762387
593,-5.707294049639549
594,-5.085018392112371
595,-5.17429148261481
596,-4.225812439867889
597,-5.076273248192937
598,-5.248134390240834
599,-4.866565087361049
600,-5.055204229019755
601,-3.726056909122814
602,-6.169776427196081
603,-3.695817990095626
604,-4.10971488322072
605,-4.891531221377007
606,-5.155073665696596
607,-6.158869695445738
608,-3.6873526002204153
609,-5.150759145201202
610,-5.254297952081296
611,-4.446707391504014
612,-4.135035951499943
613,-3.818812715457203
614,-5.8349543041331575
615,-5.411505261508215
616,-5.489285152155534
617,-3.9615765240589615
618,-4.587854824761596
619,-4.552406661348532
620,-6.192879859349186
621,-5.14401905793946
622,-5.174361603707202
623,-3.4218198488684943
624,-4.276223889212365
625,-3.6012353092823295
626,-5.747275933209806
627,-4.186622238797471
628,-5.740189595673962
629,-5.855002873139786
630,-6.365785785120734
631,-4.71300136599815
632,-5.74828941654887
633,-4.5836675111875955
634,-5.301040399300234
635,-5.556929372384386
636,-5.181955518595115
637,-5.449040016372771
638,-5.2212368024363744
639,-5.480391653919095
640,-5.200341830966343
641,-5.23298862776924
642,-5.253938900578756
643,-4.961230762259729
644,-3.921082668164967
645,-4.306627937200028
646,-5.072117301026265
647,-5.2664758052142195
648,-5.025239272980758
649,-5.034256925975829
650,-4.644097794749055
651,-4.297209221012243
652,-4.098353459611957
653,-5.3120154224190035
654,-5.269396474435525
655,-4.9927516348639225
656,-5.14425008401893
657,-4.112160136998597
658,-4.0153244016672875
659,-4.69061887519253
660,-5.870483261492079
661,-5.101260991256232
662,-4.947925425463835
663,-5.211908810348393
664,-6.053639578916295
665,-6.21616810449924
666,-6.148635530949711
667,-6.116102874790392
668,-6.111636588124911
669,-6.10843384970761
670,-5.978385301621801
671,-5.937184965943552
672,-5.502840355821686
673,-5.229228023142036
674,-5.032168871829274
675,-3.9621580108601657
676,-5.1872868016170335
677,-3.7977120961680457
678,-4.561385194051836
679,-5.353075365354345
680,-4.967921210637425
681,-4.757512774206851
682,-5.185843057472574
683,-5.509869148442105
684,-5.178528010939355
685,-4.9196235570570925
686,-5.08206257025466
687,-4.330630176816259
688,-5.057669853652647
689,-4.458554945817263
690,-6.257088719095972
691,-4.931633491569783
692,-4.5173999741737605
693,-4.993887415948957
694,-5.505694555449421
695,-5.587969486791468
696,-5.541474424587857
697,-4.462703234249412
698,-6.269213823761788
699,-4.646685941825504
700,-5.397947403066586
701,-6.278760159712475
702,-5.162700844795925
703,-4.471328545991181
704,-5.132242552525146
705,-4.885728909199535
706,-4.7283648860231855
707,-5.048212137060212
708,-4.495673778364305
709,-4.675500577853796
710,-4.6634016887857515
711,-4.711056638489082
712,-5.012751740800408
713,-5.197805474839369
714,-5.278533272952904
715,-4.670176212238509
716,-4.798879879427759
717,-5.0271306531594515
718,-5.326848751326319
719,-5.32182811064962
720,-5.111796383740274
721,-4.46315893804405
722,-4.928554334339724
723,-4.039502263171072
724,-5.233616415383422
725,-4.940796639086386
726,-4.281178964175975
727,-5.297981588433027
728,-6.194906198067864
729,-4.859971608769421
730,-5.842758492584409
731,-6.152057548666066
732,-6.306248337575135
733,-6.076546859553994
734,-5.831852681840784
735,-5.4465459106503005
736,-5.86486311297608
737,-6.148610532326983
738,-6.059912352628069
739,-6.306302588396714
740,-4.996315322264034
741,-5.43929411222767
742,-5.563442813311128
743,-4.980450499585469
744,-5.3726428092171306
745,-5.382952838130498
746,-5.306939513152674
747,-5.521553885467036
748,-4.8489644167807
749,-5.156619802621857
750,-6.12936995375606
751,-6.733550955519845
752,-5.185157595850221
753,-5.851152227205082
754,-5.995393499262376
755,-5.446743153478936
756,-4.101886301197232
757,-4.863092865689766
758,-4.775522765828324
759,-4.771115744247085
760,-4.8615108255028305
761,-4.808002723170106
762,-4.62262551739689
763,-4.4159869292280955
764,-5.077041814237198
765,-3.599131129187467
766,-4.256685448607158
767,-4.574907295112446
768,-4.278884043577764
769,-3.913274917999007
770,-4.326276904846262
771,-4.375435044269002
772,-5.303832173627376
773,-5.260997865626823
774,-4.064603413212471
775,-6.222433848340605
776,-4.463458774557458
777,-4.343382359735472
778,-5.829309375429838
779,-4.493544983224917
780,-4.757963722509033
781,-5.137270120107375
782,-4.8106354961672775
783,-5.1965382750832525
784,-5.629629082247969
785,-4.647391704514081
786,-5.300695126701641
787,-5.630544045769834
788,-4.569820974024851
789,-5.203513213536068
790,-5.364433682285365
791,-4.417573692197532
792,-6.417303951718547
793,-4.488956844306061
794,-5.009251216914992
795,-5.428371510756092
796,-5.590343164358151
797,-6.289533434507724
798,-5.7994906871983485
799,-5.374963918405852
800,-6.499381415212868
801,-5.236330113389285
802,-6.372415565983543
803,-5.7788321776436655
804,-6.550153771522791
805,-5.672171725230636
806,-5.728761039851332
807,-4.174734928416959
808,-4.972607077964216
809,-5.3870672425214625
810,-5.104960238351395
811,-6.215244711956902
812,-5.543707823517144
813,-5.305342055018377
814,-5.633658842239785
815,-5.483732947664701
816,-4.372379219811257
817,-4.3046096324374
818,-4.580056040776338
819,-4.374633066903426
820,-5.159883553658103
821,-5.929275079649681
822,-4.616383779624123
823,-5.317452831031764
824,-5.59350790111547
825,-5.352920676656234
826,-5.0256851970495315
827,-4.7657828997253535
828,-5.118910006577441
829,-4.638630681760664
830,-4.407515815268288
831,-4.677043392424033
832,-4.562717215963581
833,-5.787649084631439
834,-5.459148507155004
835,-5.71655130266641
836,-5.722502242772955
837,-5.669794540466225
838,-6.498907382391778
839,-4.885742638621878
840,-5.604561544455759
841,-4.232124427166967
842,-4.661867145519658
843,-5.373367723272256
844,-5.717916672090049
845,-4.789030666131926
846,-4.7131687228458
847,-4.343508796087779
848,-4.833228189958138
849,-4.685574660400517
850,-4.733964797763217
851,-4.885730558689431
852,-4.792684613689346
853,-6.268663086971752
854,-5.569299367557324
855,-5.79259916073318
856,-6.224943611299734
857,-5.262511638316575
858,-5.448003708612048
859,-5.3065075141758555
860,-5.866023590030447
861,-5.934283205129604
862,-5.799790630748271
863,-5.0639480593867825
864,-4.602258312837201
865,-4.594011027611821
866,-4.586837841409771
867,-4.842416748088235
868,-6.288094981037358
869,-4.6977705682482975
870,-5.350150969201685
871,-5.837751426685817
872,-6.213773716572005
873,-5.661979297420606
874,-5.648636851463082
875,-5.7550276470943595
876,-5.941718992340125
877,-5.806641279479681
878,-5.907233820616855
879,-5.683597525462084
880,-5.631464470999981
881,-5.322612142103176
882,-5.336928761345442
883,-6.317032984710928
884,-5.332335013256061
885,-6.546417947612453
886,-5.998400901709995
887,-4.339160563208922
888,-6.080210082116631
889,-4.4874781674519335
890,-4.69695951586044
891,-4.963919635098202
892,-4.280494483995892
893,-4.977082731629964
894,-5.182108464917238
895,-5.80017259841184
896,-5.093163602374066
897,-5.114758659163665
898,-4.7444101571953405
899,-5.000720786910087
900,-5.917531744902637
901,-6.117623775773423
902,-4.122186388751593
903,-3.919110997363041
904,-4.1567426109395225
905,-5.2066891818940215
906,-4.182994021858654
907,-4.579404334663683
908,-5.768804435207243
909,-4.351222838944649
910,-4.082464361328093
911,-4.2149047692869
912,-4.336665692311106
913,-6.008813934074193
914,-4.593446610617514
915,-4.796312956655528
916,-4.234316838515433
917,-4.1798293129570645
918,-5.289748533799158
919,-5.179503038276179
920,-5.0436016670020445
921,-5.5237319721847244
922,-4.7189631537210515
923,-5.093293799142628
924,-5.116198621292922
925,-5.611956042332291
926,-6.371697879912099
927,-5.825274377156506
928,-5.1689969993145635
929,-5.313864011109834
930,-4.8127148866162415
931,-4.894967220930747
932,-5.36436933620528
933,-6.263833372049912
934,-4.5768476397747495
935,-6.373845575054516
936,-5.8703870646004175
937,-4.94660019764825
938,-5.844676186569061
939,-5.035125403151561
940,-4.682321434118976
941,-4.470109237872471
942,-4.507100464861421
943,-4.424753379830386
944,-5.0368518184230515
945,-4.50210926127927
946,-4.306541635991217
947,-6.0002689854684785
948,-4.574555004224343
949,-4.343125020555465
950,-4.109650173039165
951,-4.215878185043351
952,-4.266619856819924
953,-4.596161731082462
954,-4.16319303985572
955,-4.087850923082038
956,-4.5415499382967095
957,-4.574042848644925
958,-3.9884835609021136
959,-4.565205044964281
960,-4.6414364892562
961,-4.449200097517041
962,-4.590894539396424
963,-5.166027852265366
964,-5.2232300874936985
965,-5.209464557499158
966,-4.561613789122759
967,-4.948935761655851
968,-4.538576658246035
969,-5.126518848717626
970,-5.178421910058218
971,-5.161167889619307
972,-3.526576691186352
973,-4.278643012911542
974,-5.339863091425232
975,-4.8891540921065415
976,-4.667241748326429
977,-5.0472276899747
978,-5.400224650311706
979,-5.638139485166533
980,-6.110369593382768
981,-4.437259152634539
982,-4.900614549440809
983,-4.826397217452539
984,-5.243375380613185
985,-5.2969500322434
986,-5.170288993983595
987,-5.90853304248826
988,-4.837247855877097
989,-5.25304729083515
990,-5.512448866507061
991,-6.09180910753485
992,-3.9960620063300523
993,-5.525289323508431
994,-4.721663371254397
995,-5.134978789466999
996,-5.032801073300615
997,-5.20713570411549
998,-5.25248679222602
999,-5.568566625756227
1000,-4.013843084509987
1001,-4.425302603503699
1002,-4.791924257939954
1003,-4.719135563156663
1004,-4.950755247471916
1005,-4.287151292467857
1006,-4.8464639782928725
1007,-5.043945520622997
1008,-3.9234408017231113
1009,-3.576153182999011
1010,-4.103167694102203
1011,-4.048429698847333
1012,-5.34439814343859
1013,-5.252900593768401
1014,-6.08620726097302
1015,-4.602450322872186
1016,-5.26720089357155
1017,-5.345862177918761
1018,-5.332043013869966
1019,-4.609574999604228
1020,-4.64408819763253
1021,-5.090826448116003
1022,-4.579555922222723
1023,-6.21538912818156
1024,-4.008224106729687
1025,-4.142877138436031
1026,-5.421442632935836
1027,-5.007298623953578
1028,-5.366028864914788
1029,-5.549606102026625
1030,-6.265816359477467
1031,-6.14989910264953
1032,-4.250149828466019
1033,-4.27865083684704
1034,-5.384975982932216
1035,-4.966740111239026
1036,-5.481040035259726
1037,-5.271400191450398
1038,-5.506426520875407
1039,-3.838714420633308
1040,-5.129002706804799
1041,-5.23738371090522
1042,-4.7469038746826255
1043,-5.1921791916796
1044,-5.293634667816284
1045,-3.7435470380734657
1046,-5.058483695224622
1047,-4.251006750654684
1048,-5.2213823756776865
1049,-4.713251527488845
1050,-4.520407194281353
1051,-5.36050053686467
1052,-4.5592905226848774
1053,-4.932243696469439
1054,-4.506972776024883
1055,-3.987019311124433
1056,-5.088827504086093
1057,-3.732909893291927
1058,-3.5334630810267784
1059,-4.197371972012672
1060,-6.156837267531311
1061,-5.4437257926437415
1062,-5.600969897144809
1063,-5.788197473934233
1064,-6.738318379725711
1065,-5.004546815669921
1066,-5.426293342760116
1067,-5.578542374340733
1068,-5.528595625541039
1069,-5.318778179718151
1070,-5.594179187240184
1071,-3.778581136164145
1072,-5.210280264882699
1073,-5.26946409649975
1074,-4.809754667459029
1075,-5.437655532667061
1076,-5.33189198382779
1077,-5.438278783241692
1078,-5.127109646686337
1079,-4.636799898666383
1080,-4.47300067779099
1081,-5.320506518827955
1082,-4.515146481052577
1083,-4.267413056880063
1084,-4.9638233114135115
1085,-5.0768574655186685
1086,-5.420695766542766
1087,-6.109229321515113
1088,-5.8189359034048005
1089,-5.167275887637279
1090,-4.612369162956335
1091,-4.875623730676635
1092,-5.102598117825746
1093,-4.4862649673764885
1094,-4.111828222352989
1095,-5.142910422519674
1096,-3.8490977619501114
1097,-4.262951284184421
1098,-5.165554001246759
1099,-5.93420612513237
1100,-5.960369845491045
1101,-5.234393858515975
1102,-5.3361020774001195
1103,-4.30924915836679
1104,-5.528664181498543
1105,-5.424103341627375
1106,-6.330323343583615
1107,-5.205225878512214
1108,-5.183641286090086
1109,-5.1264877969685845
1110,-5.5300999723495385
1111,-3.848472200441382
1112,-5.148003009156446
1113,-4.352640418721443
1114,-5.3204106329692475
1115,-5.948250907059189
1116,-4.846884523834674
1117,-4.67191250553118
1118,-5.006048098821294
1119,-5.251877138475466
1120,-5.58578414385233
1121,-6.156610089504208
1122,-5.310513062937044
1123,-5.0291306986478155
1124,-4.892334947308414
1125,-5.129064191410225
1126,-4.750957657572767
1127,-4.7954942623250245
1128,-5.095373856754335
1129,-5.540410622693443
1130,-4.893344956706873
1131,-4.175621388681918
1132,-4.351706614886041
1133,-5.092909864202002
1134,-4.895464316035134
1135,-5.140328689069163
1136,-4.486550330854818
1137,-5.350887664151093
1138,-5.1147251667440745
1139,-4.361807362892747
1140,-4.6775889094191845
1141,-4.681721282955833
1142,-4.625246494829195
1143,-3.8286470522382965
1144,-4.026375516391512
1145,-5.249973365851662
1146,-5.787903356653086
1147,-4.880445230240522
1148,-5.133165514699857
1149,-4.96410836584826
1150,-5.202226248787536
1151,-5.493375247137863
1152,-4.892124082262312
1153,-5.543665026710698
1154,-4.066870413416209
1155,-4.649442845012662
1156,-5.651878572718312
1157,-4.491199014990585
1158,-4.0303314372080425
1159,-4.54544861618745
1160,-4.051786396211764
1161,-4.271558352803539
1162,-4.354168691413528
1163,-5.537866901891508
1164,-6.028853251615971
1165,-5.560673028373556
1166,-5.605760672193258
1167,-4.731323389492642
1168,-4.701838221435239
1169,-4.909757743394791
1170,-5.326670445152785
1171,-5.15853432788755
1172,-4.859206342581667
1173,-4.456607383419049
1174,-3.961891772324879
1175,-4.123355454957261
1176,-4.48694643590849
1177,-4.854359820263987
1178,-5.406329218233474
1179,-4.095963796139263
1180,-5.0138662716166795
1181,-5.510642624481959
1182,-4.786124662610016
1183,-5.663559003036981
1184,-3.741299907912988
1185,-4.113024264365663
1186,-4.834658701012374
1187,-4.779789293772675
1188,-4.6710635367585756
1189,-6.1270716014153255
1190,-4.865869930404211
1191,-4.535390812960472
1192,-4.948693297121408
1193,-5.479665140707318
1194,-5.254777508155396
1195,-4.7461367293402805
1196,-5.416541466445857
1197,-5.956032764597442
1198,-4.378136527101226
1199,-4.018774369238679
1200,-5.1568696161304315
1201,-5.6313985290064394
1202,-3.9372502664840887
1203,-3.8317181502124766
1204,-4.139421233494697
1205,-4.097195882862893
1206,-5.217351630402358
1207,-3.9645231297724486
1208,-4.359144478757976
1209,-4.195352899502223
1210,-4.241491037267636
1211,-5.209447368548276
1212,-4.442298316919901
1213,-4.301527462774523
1214,-4.203616825420578
1215,-3.9189293715570495
1216,-3.996878876603173
1217,-4.200185365517472
1218,-4.319823795234785
1219,-3.562894829348851
1220,-4.510736231812871
1221,-6.2723035235092475
1222,-3.6852261630347947
1223,-3.7381695388038336
1224,-4.183255022633213
1225,-3.898774830708671
1226,-4.000130856893032
1227,-3.9966411871945153
1228,-5.6671996606463475
1229,-4.671504800693624
1230,-5.228340964469068
1231,-4.639019168713936
1232,-4.22062277751924
1233,-4.409336817867617
1234,-4.1553404993143905
1235,-5.970149600733877
1236,-4.636216902331603
1237,-4.800460734101521
1238,-4.308432125615232
1239,-4.205058347196568
1240,-4.380955440200059
1241,-4.23520760343375
1242,-3.939917936800188
1243,-4.17930884087966
1244,-3.8484330380316694
1245,-5.853958954822166
1246,-4.717893485130523
1247,-4.101392310274465
1248,-4.40787798308838
1249,-4.587593983811387
1250,-6.392651315182612
1251,-4.703037052970031
1252,-4.764625331166543
1253,-4.788256234122949
1254,-4.869621229634945
1255,-4.752886695666183
1256,-6.176432254431631
1257,-5.060079856153655
1258,-4.947583494079343
1259,-4.635036007924901
1260,-4.888575486704583
1261,-4.405229890193717
1262,-4.5022863228311625
1263,-6.472508737313727
1264,-5.4576461018585105
1265,-5.826291155207954
1266,-3.766455442525075
1267,-3.891495647715171
1268,-5.393349113864139
1269,-4.248061993334784
1270,-4.084091870935026
1271,-5.597023509642982
1272,-4.514045495308064
1273,-5.929422782761361
1274,-4.896734973771669
1275,-4.861650657307533
1276,-4.621140566366614
1277,-4.744857568097572
1278,-4.706556365754519
1279,-5.416211727259324
1280,-4.784925662391248
1281,-4.783720502122085
1282,-4.936314786763511
1283,-4.6819413339971545
1284,-5.1267152481271605
1285,-3.9548907731798693
1286,-4.102187373789601
1287,-4.465729111936299
1288,-4.579991627367409
1289,-6.436502301929225
1290,-5.652043410465538
1291,-4.615991904308187
1292,-5.855357225819184
1293,-4.946827568340627
1294,-5.056477823768022
1295,-5.007779475197054
1296,-4.981747013034053
1297,-5.077995008999093
1298,-5.063322700280823
1299,-5.548057622125786
1300,-4.908604885931975
1301,-5.922183420498112
1302,-4.840057234042063
1303,-4.821497824157644
1304,-4.540859403835459
1305,-4.73661550395095
1306,-6.216731260050133
1307,-5.964220047493166
1308,-4.006965328129433
1309,-4.335792360166091
1310,-4.453902826166599
1311,-4.37571449996493
1312,-5.590349572043745
1313,-4.411433065680068
1314,-4.255341251849869
1315,-4.515149859215662
1316,-5.056286922978589
1317,-5.656312744514866
1318,-3.7935005733092835
1319,-3.740542406499989
1320,-4.247689243399888
1321,-5.099725263947223
1322,-4.256244256598841
1323,-4.06084996060333
1324,-4.706369647854422
1325,-5.351376401346947
1326,-4.872616569590439
1327,-4.225359418628147
1328,-4.367242897177217
1329,-5.549216039283656
1330,-5.92685482245424
1331,-5.1939493356298705
1332,-5.547151967521375
1333,-5.171623758348084
1334,-4.417440448116802
1335,-5.815008883949674
1336,-4.517321691981486
1337,-5.151685531414962
1338,-5.46362960262664
1339,-5.020561932329875
1340,-4.2676144794701525
1341,-4.375530718677211
1342,-4.828087309937874
1343,-4.70462149792797
1344,-6.490792353803143
1345,-4.4925897092975875
1346,-4.722926219689345
1347,-4.721586600390159
1348,-4.720220493637828
1349,-4.746978374665395
1350,-4.68910719478545
1351,-4.290085715424527
1352,-5.0338613591334935
1353,-5.585309384014799
1354,-3.7859951715675377
1355,-4.217202986771384
1356,-3.660909488914675
1357,-3.875401252375638
1358,-4.046199644756613
1359,-5.107841486895119
1360,-4.044785321063783
1361,-4.00814018704931
1362,-5.033724762743018
1363,-5.443300527370702
1364,-4.532636017659812
1365,-4.223850239499112
1366,-4.847719335096465
1367,-5.276169187083397
1368,-4.810433946925193
1369,-5.297933033332431
1370,-4.43314644158528
1371,-5.333549040580135
1372,-5.2815773866477045
1373,-4.4838177803364205
1374,-5.3872945257689535
1375,-5.303122837312659
1376,-4.664958127776597
1377,-4.3988313040512415
1378,-4.176532869264513
1379,-4.387868419416245
1380,-4.274965372758882
1381,-4.923458018500934
1382,-5.3877519597472245
1383,-5.252473032489398
1384,-5.031244366754041
1385,-5.2492877700875225
1386,-5.231187491183416
1387,-5.120248922718305
1388,-4.194084311259422
1389,-4.350507687505524
1390,-4.31495959914123
1391,-4.515380976840222
1392,-4.582767286810724
1393,-6.02233264327056
1394,-4.831350837134081
1395,-5.648252729209259
1396,-4.894601275851396
1397,-4.3352740175706765
1398,-4.548863233826605
1399,-5.188956867662286
1400,-4.444925296460215
1401,-5.214221364786033
1402,-4.90924521609449
1403,-4.632533231957759
1404,-5.784408934519236
1405,-5.364481852553237
1406,-6.3231361308523315
1407,-5.0856985660931215
1408,-5.132099246695377
1409,-4.434430243814079
1410,-4.887408855436295
1411,-5.1625171482771
1412,-4.122892704893781
1413,-3.964875588473028
1414,-4.2741223587093895
1415,-4.21850552383041
1416,-4.324918915035594
1417,-4.444665834039307
1418,-5.142031363335156
1419,-5.227078378169041
1420,-3.7222750256418218
1421,-4.379681770092825
1422,-4.354555367332956
1423,-4.431908832815652
1424,-5.523891123666963
1425,-5.291048246007364
1426,-5.382709711955683
1427,-5.148932552083904
1428,-4.716034299217126
1429,-5.321589958096408
1430,-6.063099489668191
1431,-5.151183788262758
1432,-5.208342968912322
1433,-5.916906975926982
1434,-4.240937950897821
1435,-4.2523576678779795
1436,-5.153281847218419
1437,-5.323542308957061
1438,-4.919313279852595
1439,-4.842306972078544
1440,-5.111933866897268
1441,-5.047910688302499
1442,-3.938894465215789
1443,-4.08068393381254
1444,-3.982425234466729
1445,-5.97522727807756
1446,-5.94428304544236
1447,-6.1420950829018555
1448,-5.5990034606478085
1449,-5.991157329230018
1450,-5.7896291601600876
1451,-4.7262001196830274
1452,-3.5817137144437723
1453,-3.9459016174489623
1454,-3.6191411008981644
1455,-3.212033679751656
1456,-3.9213561330612947
1457,-6.080612818849589
1458,-6.211727760312603
1459,-6.261454042063962
1460,-5.84988313117606
1461,-6.189552724276142
1462,-6.048850638550207
1463,-5.783930587043396
1464,-6.1938564044217355
1465,-6.3299092479146974
1466,-6.0737816626915215
1467,-5.802733419657095
1468,-5.635925742941268
1469,-5.979171208858031
1470,-6.125935136509375
1471,-5.936794765083872
1472,-5.119214590465361
1473,-3.989099577950639
1474,-4.550773492470689
1475,-4.189203116369659
1476,-3.6332119610811198
1477,-5.196317733188149
1478,-4.464942474369022
1479,-4.187581484142318
1480,-4.513970484604241
1481,-5.27723724045501
1482,-5.599129470969009
1483,-5.4632679353689575
1484,-4.4500118618540085
1485,-4.644435011918895
1486,-4.620852768205228
1487,-4.630969050712549
1488,-5.821731964103158
1489,-6.122093106196741
1490,-5.510551564664588
1491,-5.949214673255369
1492,-6.026138228456032
1493,-5.926266976236469
1494,-5.4567379769455675
1495,-5.431816072606776
1496,-5.214498049030509
1497,-4.995472840937165
1498,-4.972084323273723
1499,-6.8126395386023715
1500,-5.806164686805974
1501,-5.864455490701933
1502,-6.440409302392216
1503,-6.439834876181797
1504,-5.045657543750439
1505,-3.897746365515295
1506,-3.960509751984282
1507,-3.8873293128941073
1508,-4.425525277135305
1509,-4.224813960622287
1510,-4.638294085172457
1511,-4.985578323796829
1512,-3.8492134395823685
1513,-3.9903964996170194
1514,-3.634091496875409
1515,-4.3587194183463
1516,-5.228698795129146
1517,-5.258179456466587
1518,-3.9793977191976317
1519,-4.3523892867966065
1520,-4.2748706416016695
1521,-4.458072936997339
1522,-4.876852269303382
1523,-5.123365186428083
1524,-5.109828604722561
1525,-5.064829648289924
1526,-5.013244580000388
1527,-5.168314970853713
1528,-4.464099209517444
1529,-4.687669497105565
1530,-4.519263035089166
1531,-5.045836642940369
1532,-5.155802383426858
1533,-3.9276894924126893
1534,-3.845146466621366
1535,-4.136424300868019
1536,-4.058896525498866
1537,-5.032473007743242
1538,-5.151892758948518
1539,-4.323794556582788
1540,-4.134312087576458
1541,-4.230624648208799
1542,-5.692434413205865
1543,-5.584857616980568
1544,-5.30567210266105
1545,-5.099690098750115
1546,-5.09817502540789
1547,-5.597777405309498
1548,-4.864392093551501
1549,-5.275376046235221
1550,-5.562832308021174
1551,-6.296535848204792
1552,-5.385720606174926
1553,-4.412848494016338
1554,-4.501421160209828
1555,-5.752809907193329
1556,-5.790603302513691
1557,-6.013749883676675
1558,-5.429264212628522
1559,-5.84892042613231
1560,-5.782212680418253
1561,-4.476539136248945
1562,-4.51832849401815
1563,-4.620895968751129
1564,-4.230603276022637
1565,-4.310915740723596
1566,-5.310298875871153
1567,-5.096624027526763
1568,-5.246295024514794
1569,-4.525818791977198
1570,-5.138049820927903
1571,-4.019028094940671
1572,-4.4278321099077855
1573,-5.2751430782859705
1574,-6.021772386471956
1575,-4.6362200850317485
1576,-4.55612011117369
1577,-5.201810331269917
1578,-4.352740553542087
1579,-4.173644599942515
1580,-3.6566070801471042
1581,-4.423273907895098
