,Unlabeled_EA
0,3.9072237273411927
1,3.7146621817003718
2,4.326230753585214
3,4.631798422643342
4,4.991580473180186
5,4.91999447407062
6,4.989070658968728
7,4.288828562032212
8,4.791242576984792
9,3.993072293729883
10,5.40134454172652
11,5.317300033385528
12,4.402504683464753
13,4.26491738354185
14,4.484173591094939
15,4.289178433771103
16,4.514540857493487
17,4.364560676677564
18,5.479614894135744
19,4.211200005314238
20,4.400500040249695
21,4.347793140125527
22,3.7019408780945646
23,4.5755560193935505
24,4.229778865496332
25,4.433176185495459
26,3.743671268637361
27,4.137892896670578
28,4.534217464281033
29,4.697824743082167
30,3.4135776301227136
31,3.6705284449809206
32,3.612626545668631
33,4.550072483487852
34,4.590819698791747
35,5.492319262892611
36,4.708753210749758
37,4.528186394370973
38,4.228156210578521
39,4.062171784722658
40,4.466834816264736
41,4.9849358783791216
42,4.105005062321969
43,4.784537808166542
44,4.180518801063658
45,4.659959199721755
46,4.971524861194474
47,5.127390037806294
48,5.215830826076015
49,4.511723725006046
50,4.112504387794816
51,4.413294443637223
52,4.8857260365730255
53,4.552170865869236
54,4.202766317199536
55,3.9837852536349336
56,3.623311856601319
57,4.428717877305699
58,4.45702126002925
59,4.261309663441178
60,4.153717678547743
61,4.653397375346707
62,4.0134550791017976
63,4.168214239680964
64,4.4655697908627285
65,5.4418499703225605
66,5.4613465457340595
67,4.179096330440978
68,5.011796713086085
69,4.220258277285182
70,4.03059380573541
71,3.7602686192272428
72,5.547484580871357
73,5.338967057497168
74,5.358939619961215
75,4.959498446080347
76,4.215670455226451
77,5.396420394178654
78,5.580229037062682
79,5.194431787797235
80,5.7688949481624965
81,5.342856485034756
82,5.278131466399132
83,4.195229328889619
84,4.945146853740283
85,5.068688679311241
86,5.624005389627809
87,5.386168798124564
88,5.474726382414244
89,5.443710384499714
90,5.632458137747898
91,5.4378002046494265
92,5.376712545600381
93,5.5762671942174125
94,5.7695406074153865
95,5.4112183213788265
96,4.954301041458139
97,5.243749504790144
98,6.278932913656145
99,5.299276354352361
100,5.1572381555796225
101,5.4730615476980065
102,5.560753999873222
103,5.400876223681643
104,5.542387602613319
105,5.008622505668047
106,4.850278345479166
107,5.4827466512566625
108,5.285882070844707
109,6.14691145534107
110,5.3019411054862395
111,3.790058155389204
112,3.968222072905104
113,3.3606652199573714
114,5.084648149193436
115,5.2573326521745
116,5.541986777234848
117,4.281457456676941
118,4.309593107250751
119,6.017877878826315
120,4.397404687680808
121,4.310541624952392
122,4.543314875480146
123,5.899557771073183
124,5.154938969933138
125,5.018079126514318
126,4.978476217057238
127,5.829901941396274
128,5.54725502520024
129,5.2517376555745345
130,4.953748084832102
131,4.926279494834417
132,6.047265983237698
133,4.6771504526283785
134,5.07238706565722
135,5.213882068226102
136,5.407032732157211
137,6.169910809771628
138,6.6438202094089505
139,5.7607747894695756
140,5.817446577204393
141,5.580763062994721
142,5.733656402781805
143,6.561494781393944
144,6.758693596145033
145,5.330028789043429
146,5.485462380107514
147,6.123364187001207
148,5.275151851294914
149,5.3274394481767455
150,5.486944376367441
151,6.118923836290922
152,4.338852525220213
153,5.137225549213854
154,5.376240705821408
155,4.838290911911166
156,4.807528886666918
157,5.972402116414448
158,5.311007124607853
159,5.111107724707604
160,5.801161043963378
161,4.849160454033265
162,5.235187390789986
163,4.202803482628767
164,5.951891880001403
165,4.337277431678801
166,5.0290980763327
167,5.333633305244616
168,4.659505920207591
169,5.132949988400739
170,4.03583026265921
171,6.126962370373148
172,4.055822036945218
173,3.9297225266458335
174,4.722904148825018
175,5.2184066709478465
176,6.0006872037832055
177,3.7956253301020926
178,3.851639297650899
179,4.171061260264085
180,6.517720864586405
181,4.515545539055266
182,4.429416698352267
183,4.44578208250167
184,4.142851968128716
185,3.9874337843429597
186,4.597680973307966
187,5.384959380751249
188,4.663842312521521
189,4.418204756514321
190,4.757559215562839
191,4.856208085074063
192,5.443050336441466
193,6.253102415640776
194,4.973086430751333
195,4.19763938835245
196,4.284997805419285
197,5.038296209886228
198,4.7688581581784275
199,4.704103796359528
200,4.831208750301792
201,5.237893876946183
202,5.326179413593756
203,5.207167426593107
204,6.071289131185706
205,5.376077617599371
206,5.99371177696998
207,4.00763027164286
208,3.9356097848577845
209,4.709073334309089
210,5.793263210752607
211,6.038796963628719
212,4.332686645269592
213,4.422510966225851
214,4.9076350118657635
215,5.561821677185015
216,5.754346804613033
217,6.054320658652467
218,4.123550131473162
219,3.9667398441735564
220,4.468836123606136
221,4.139659332288324
222,4.864368931612857
223,5.82383026555181
224,4.638697239651901
225,4.370858934728276
226,4.355729024862295
227,4.562423662282513
228,4.7936000021060465
229,5.307804590286699
230,4.040681489312858
231,5.994826765569232
232,4.238745270365932
233,5.1371427458609045
234,5.43118818991587
235,5.418399960825758
236,4.80803451056687
237,4.431172235523281
238,4.215137209348813
239,5.500092392756283
240,5.91759257410331
241,5.787070419162032
242,3.989331517861052
243,5.3677914847645205
244,6.145036515608865
245,4.133063397592682
246,5.9067903970563425
247,6.291791638876092
248,5.018348250819073
249,4.663328803639694
250,6.357235487344217
251,5.606084737329081
252,6.087839991806016
253,5.462880442537562
254,5.325169632851655
255,6.418476590349439
256,5.1128287099217316
257,5.3266121737166205
258,5.334562180157446
259,4.563265834571527
260,4.565582834381183
261,5.563835883155923
262,6.042396872140347
263,5.558162204701763
264,5.9027062865382085
265,6.193849810818075
266,4.4858125450750475
267,4.837634619810063
268,4.500961082866839
269,4.824515732367768
270,5.135292273368615
271,4.658136115988498
272,4.987925794637165
273,5.175466405597378
274,4.032879187007836
275,4.7495135204088585
276,4.45475290788038
277,5.344035339097292
278,4.420678167515367
279,5.796265808602113
280,5.027467477235862
281,5.316612407319409
282,4.876308878107723
283,4.845079247418061
284,4.569817246409462
285,4.524610650493833
286,5.264648932457524
287,5.335183218178126
288,4.595975037871774
289,4.822321420338322
290,6.33962901148992
291,5.063467487839434
292,4.645063231856337
293,4.5128276736252
294,4.624362966159769
295,4.233005823335073
296,3.896042473534851
297,5.620431703147097
298,4.635024117876318
299,4.218206076767643
300,5.672782660897894
301,3.922768121709745
302,3.892593289791515
303,4.006799900926247
304,4.899853335795868
305,5.466767954490051
306,4.81113852913552
307,4.591516989965873
308,4.309042785932843
309,5.9591583847651
310,4.768530288874361
311,4.75579381169464
312,4.89277862695226
313,5.643757632086715
314,4.616233846778656
315,4.436329103743135
316,4.5407255791295595
317,5.398633834326785
318,4.927799201397356
319,4.916667204699681
320,3.995531094550124
321,6.3195650266672185
322,4.743985154718371
323,4.197178542215466
324,4.409322641193548
325,5.827920414555788
326,4.70400350856573
327,6.2807433638023555
328,5.941316363781996
329,5.773766967263762
330,3.8815582028704494
331,5.489399940366959
332,6.027130851260338
333,5.819920443248027
334,6.068629800053975
335,6.382939354458918
336,6.262437434188257
337,6.173398017746598
338,6.019699020410614
339,5.345771965127433
340,6.223703875871603
341,5.9652330591955955
342,6.345858118946936
343,6.089634624100198
344,6.2512799792537255
345,6.213536093551871
346,5.852638684228986
347,5.348371174152489
348,5.983549533324729
349,5.5374730739199105
350,3.5336639069633753
351,5.621891450403857
352,3.47601955682108
353,4.055409871980504
354,3.9621239002164392
355,5.084450487542752
356,3.33026872935125
357,3.4621023196032352
358,3.669355832894853
359,4.769122458517117
360,4.852015739364165
361,3.860302801322881
362,4.041984442708191
363,5.472977775470613
364,3.4440445841731377
365,3.9360926268176284
366,3.3617553724265434
367,6.066713601134237
368,3.959660003932581
369,4.304807559510431
370,3.8014567259833534
371,4.1850844555710704
372,5.147995272476727
373,5.938146348709841
374,3.9497233787058397
375,6.3210175152732395
376,6.113289196442788
377,6.126856491971029
378,5.991625882718761
379,5.937100475270383
380,5.1793373045402165
381,6.05580232544289
382,6.036855368751287
383,6.0528719109546385
384,5.815366202666618
385,5.778043124295279
386,5.176421492165622
387,5.963574571663692
388,5.290545126356356
389,6.472640926097944
390,6.232711365971515
391,6.074273502924556
392,6.447235132450943
393,5.722416033650332
394,5.763314620528239
395,6.082186197672318
396,4.492262809236382
397,3.7719550202845227
398,3.8902937484696425
399,3.711106699867355
400,5.3572151792395335
401,4.702575340395519
402,5.476683802914398
403,4.354915672239907
404,5.804677589349065
405,4.576327400566344
406,3.7852476960054524
407,3.879961346766991
408,5.0038924589919676
409,4.476416409288938
410,4.537108076074312
411,5.526246195771854
412,4.452110177395268
413,6.251323727661476
414,4.239640969571963
415,6.23121724946133
416,4.292253660376653
417,4.1503573048489555
418,5.321909748227433
419,5.840292545001389
420,4.494822264956242
421,6.155582369324411
422,6.338192058923248
423,4.589005314545038
424,4.554619083991663
425,4.589771910498195
426,6.437861315360794
427,5.256670439824549
428,5.3236614119555075
429,6.286839538939649
430,5.824212708663437
431,5.194721679941596
432,6.128140897715674
433,5.605305303495015
434,5.877491374734654
435,3.650395213516161
436,4.013804063266964
437,5.5025746198990575
438,4.09836913822719
439,4.3415991283774495
440,6.126041208083039
441,3.633950140865961
442,4.149852963977111
443,3.571424398853563
444,4.235226245400277
445,5.460409079848069
446,4.376373206553948
447,5.877055676176576
448,4.6060118410468665
449,4.413303336776417
450,4.217564850931338
451,4.446590332533921
452,4.8088784203235395
453,3.7066044462295853
454,4.115388100403716
455,5.177687192450422
456,4.075138885212662
457,3.795843094804657
458,4.320103149253697
459,4.575610178059314
460,4.545527996738801
461,4.619711011633672
462,4.132660060616235
463,4.485653549086212
464,3.9334158723214703
465,4.92492393782043
466,3.7968833610401385
467,5.103686334067764
468,3.7079683943549897
469,5.206269983358098
470,3.756056973191553
471,3.8757541072382837
472,5.189562625799989
473,4.036677088344011
474,4.142733894586524
475,5.947540508184321
476,5.1463018858007175
477,5.343035396121769
478,6.143573169622724
479,5.06284503327368
480,5.258939258040239
481,4.497947691827474
482,4.812270733065625
483,4.784932747229311
484,4.629928312810633
485,4.747784460415497
486,4.484538144274004
487,4.774669256346388
488,4.198990532709765
489,4.845684670693615
490,4.448037399372411
491,4.51137868712206
492,4.359602800303221
493,4.479805563180384
494,4.662635832946596
495,5.491452233075725
496,5.64321367545418
497,6.151558644143315
498,5.283225363520245
499,5.248637489144139
500,3.84885577799968
501,5.56609292227734
502,5.231147606473493
503,6.070060978781916
504,4.802383983240939
505,4.161590107389777
506,4.442515726430664
507,4.066543349614326
508,5.792959501694119
509,5.919729906800787
510,4.301168919705826
511,4.568872001977924
512,4.750839892931801
513,4.739820736805393
514,4.0391262566402695
515,4.512123122141809
516,4.707120606329665
517,4.253884504410447
518,4.902153767422839
519,3.973349880001985
520,4.290544788439877
521,4.563440622490226
522,4.236598834869698
523,4.815120728717703
524,4.242787660389346
525,4.890538720691365
526,4.468685631118998
527,5.90084791726301
528,4.698709064183029
529,5.147310747368022
530,5.442080932980502
531,5.284363260214569
532,4.596970336253708
533,5.6917934777852315
534,4.674951446274138
535,4.597276683506659
536,4.656512730145059
537,4.486852349146891
538,4.614667531617727
539,5.214632343202624
540,5.393155434929541
541,4.953646186813729
542,5.379407659581179
543,5.540157124114108
544,5.3328241940201835
545,4.750644108033666
546,5.6158106711568685
547,5.399933030034738
548,5.573894481365831
549,4.971760162123999
550,5.996879244076325
551,5.154965861782679
552,4.835699872219394
553,5.24894610885212
554,5.3430935616143564
555,5.70866116275406
556,5.321743467189712
557,4.356548391990014
558,5.4422612640448245
559,6.339162147791236
560,5.011954771720328
561,5.076285652684996
562,5.768061949155657
563,5.879711235949796
564,4.892389602036426
565,5.710281940375899
566,5.902829461537546
567,5.601754301701765
568,6.182986633453472
569,5.844302195919742
570,5.553647682680373
571,4.5398715310066535
572,5.393033392479727
573,5.5162455690142265
574,4.823812182169132
575,4.130233399842962
576,5.114063865038466
577,5.575038301197556
578,3.9046032360419956
579,5.963976604352388
580,3.6494667776768273
581,4.510150686532184
582,5.11326948469839
583,5.687982611005394
584,6.131674845917599
585,5.04307635099099
586,5.511926246016582
587,5.497775190850044
588,4.622956338173424
589,4.8378232703304205
590,5.826631543732887
591,4.8862792921827936
592,4.881484837145787
593,5.582377627080131
594,4.9992503682229055
595,5.389083738861874
596,4.240310297869704
597,5.206165098970337
598,5.43571203278305
599,4.823250537228282
600,5.399132410360244
601,3.6990619956857254
602,6.192232451113521
603,3.6645931762431054
604,4.099179260407735
605,4.939063590030398
606,5.471622035184493
607,6.248838775367675
608,3.736932986221407
609,4.969608127398458
610,5.014402887900487
611,4.454649431522252
612,4.098679427187535
613,3.7168551123325093
614,5.704501593458388
615,5.2529686895147565
616,5.367438394456226
617,3.96899753356836
618,4.6089420371637315
619,4.493113217332643
620,6.1403583527318215
621,4.925410263687979
622,5.016539834050329
623,3.4468759435239646
624,4.3541140672110314
625,3.486383647157826
626,5.685380688816923
627,4.123150999943997
628,5.585976348219101
629,5.762696383013763
630,6.450662078065874
631,4.737610193929331
632,5.618757123275896
633,4.579229622332845
634,5.373677510106756
635,5.58490166094306
636,5.079619170684679
637,5.55508357458136
638,5.24605111625961
639,5.39239291061286
640,5.350084045000494
641,5.322837110803472
642,5.393154290305197
643,4.887492642568122
644,3.9616803871179185
645,4.259031000284466
646,5.075961049692836
647,5.529579205202132
648,4.911179377177678
649,4.686040374810797
650,4.502994110731412
651,4.332667337801027
652,3.9916632802125136
653,5.4962991559160415
654,5.756125811551103
655,4.99746482993396
656,5.257518131820487
657,4.056343237014923
658,3.8761059296243463
659,4.615017615116116
660,6.216385846668494
661,5.3327143313037935
662,5.1348847273910225
663,5.533223004480625
664,5.834464491233196
665,6.266683582709422
666,6.049588738188788
667,6.1362820640352576
668,6.110524984608906
669,6.202438289887581
670,5.856446873282444
671,6.4028524820762565
672,5.591882038059465
673,5.534900349418903
674,5.160662923834608
675,4.088264284725924
676,5.518165041543316
677,4.058254330775158
678,4.700572450791977
679,5.6238319538267785
680,5.232002300723123
681,5.001109750908949
682,5.451445084073693
683,5.545025182287297
684,5.338619825787407
685,4.86319027351726
686,5.313996470920094
687,4.409170418309908
688,5.094918446355626
689,4.467835818224205
690,6.1441374399905335
691,5.065867292311408
692,4.57244352976594
693,5.213561320691387
694,5.685891585409939
695,5.691722771428869
696,5.507910253188642
697,4.476129660933529
698,6.166973504169805
699,4.736636453203899
700,5.468972754518221
701,6.350666503013847
702,5.124036059231479
703,4.463434518380726
704,5.021285269865488
705,4.781172996752971
706,4.515788762681343
707,5.012412981012117
708,4.406735208775881
709,4.5985972331170455
710,4.641655022416179
711,4.878855618910102
712,4.813821568712667
713,5.197281655369443
714,5.2323069585014546
715,4.614559931382442
716,4.64767162545582
717,4.787680789723426
718,5.535021653458088
719,5.408534084090297
720,5.18193786044701
721,4.487584811615532
722,4.836319897255677
723,4.006418286572224
724,5.331193395166021
725,4.937813016015754
726,4.243119797748751
727,5.40160055590611
728,6.017350587258797
729,4.91415378917081
730,5.7532001015862475
731,6.049064108890376
732,6.282743256963357
733,5.880451107410001
734,5.92942329035442
735,5.511286526816998
736,5.974054418352106
737,6.223885549784266
738,5.760485987765196
739,6.188436116516588
740,4.863938218294557
741,5.470077296233512
742,5.314800967348448
743,4.938873609623945
744,5.453595689856732
745,5.235929080265562
746,5.110441578358417
747,5.371098960628744
748,4.946842915383943
749,5.029982572223401
750,6.312189337950637
751,6.65906207216893
752,5.289188809450937
753,5.875436570296429
754,6.111510915650448
755,5.624699729511518
756,3.949091618623081
757,4.755652052622027
758,4.613865218566203
759,4.547662641522942
760,4.716938157738699
761,4.794727174605184
762,4.398557411418092
763,4.167853785243866
764,4.954976566733908
765,3.626587861129802
766,4.18839597340351
767,4.524659478931374
768,4.158213265246408
769,3.698601721883997
770,4.200098852159794
771,4.274409838019845
772,5.467388281905623
773,5.1422355236784885
774,4.069747829500289
775,5.990290699712845
776,4.53273805856128
777,4.353164456106316
778,5.817925077434141
779,4.33665906992649
780,4.704076634565065
781,4.954316173362134
782,4.6987624593535475
783,5.067670459750029
784,5.720681821931168
785,4.524661770855528
786,5.394646837060058
787,5.706755470626892
788,4.453561979519713
789,5.075643058973204
790,5.545382724277776
791,4.454746841221547
792,6.460773120540523
793,4.487134511133438
794,5.034348566280857
795,5.6027688770932995
796,5.6848466347445505
797,6.203667128256391
798,5.660634017063958
799,5.3073360435322545
800,6.447051375368096
801,5.265533728434616
802,6.394396705269318
803,5.580757078714603
804,6.728025244422521
805,5.591969127416055
806,5.563626768733241
807,4.269229910522692
808,5.102329844787028
809,5.342459711545266
810,5.068809749742872
811,6.171726893351345
812,5.405441628033916
813,5.323949187112473
814,5.599831682897301
815,5.407559295814958
816,4.292547471096281
817,4.1734244050057665
818,4.618235047888047
819,4.324312782587021
820,5.101022074656934
821,5.97481586483777
822,4.5089453948530025
823,5.349584165211781
824,5.747880722931852
825,5.460357411846627
826,5.034342071430361
827,4.686581090025602
828,5.230416786986951
829,4.7374768146833945
830,4.4529911596629965
831,4.808238142342263
832,4.7959892140224625
833,5.696599226638367
834,5.6659104854145985
835,5.745515278809553
836,5.424270159636548
837,5.428883208382721
838,6.557891403210857
839,4.824337479822325
840,5.563784157956136
841,4.333364050220052
842,4.6432488959232945
843,5.352512542446242
844,5.7365123040507076
845,4.753131525962204
846,4.8479498758322785
847,4.5693805217378305
848,4.917478353948618
849,4.908662094917858
850,4.78495162218241
851,5.083895555647317
852,4.83586029268347
853,6.384238897092972
854,5.460854965367248
855,5.751674155250707
856,6.136641256846715
857,5.3598356272406615
858,5.345182738746447
859,5.24788354015023
860,5.819284818681289
861,5.869023579346034
862,5.956907225352081
863,4.969297409507467
864,4.546059292358963
865,4.62618584214381
866,4.577040497512631
867,5.010837422245673
868,6.386559381365079
869,4.900403540842002
870,5.3537437619700405
871,5.5611228034850955
872,5.62301999969843
873,5.46388866501911
874,5.448806105815135
875,5.4361160917461495
876,5.568572151457105
877,5.486019352202776
878,5.59766934944377
879,5.4381561788379305
880,5.3864607398418585
881,5.053494320795599
882,5.4349238454624915
883,6.397649411057194
884,5.365459012527084
885,6.747309875699912
886,5.987179822629713
887,4.106728496140609
888,5.922736128465869
889,4.452821559977775
890,4.592332519302479
891,4.892913278586539
892,4.185052494862598
893,4.618267746638185
894,4.7900174257642
895,5.798436688811928
896,4.632798981783473
897,4.860231608064268
898,4.654545679330347
899,4.874158189434724
900,5.94344517519837
901,5.942875749367139
902,4.161706772439689
903,3.9791581105617198
904,4.16241719757285
905,5.19348266049357
906,4.21624279421726
907,4.449957895768619
908,5.815644348762525
909,4.344885582259762
910,4.04545109107629
911,4.2702834078357155
912,4.643762451838226
913,5.9526747908292075
914,4.703283769988627
915,4.842953883797964
916,4.328891642395788
917,4.386493950302333
918,4.971945129444721
919,4.954496005731262
920,4.759227956924465
921,5.399522383083003
922,4.776302683909672
923,5.0988001813236234
924,5.224082838639788
925,5.446119526202312
926,6.518751657503284
927,5.852244015837265
928,5.197889121144162
929,5.269540041434618
930,4.9013098600445195
931,5.06126533896403
932,5.2760020522119815
933,6.251449872866323
934,4.4745447638219735
935,6.353550620451837
936,5.915419729476161
937,5.0559014206445845
938,5.856597314009554
939,5.121407552676707
940,4.683548271218951
941,4.434807916986511
942,4.745199074609884
943,4.320672376536564
944,5.032102187808452
945,4.463767221030028
946,4.271584387292116
947,6.274471819640133
948,4.6288730033285255
949,4.487086259386818
950,4.224391356021882
951,4.049562938846824
952,4.411913903465542
953,4.65787716148466
954,4.3193239027211074
955,4.465060500547422
956,4.793558902715894
957,4.689730364512194
958,4.073740929793945
959,4.253557689338992
960,4.830292824443839
961,4.425298363034698
962,4.4926620013290695
963,5.194795361836719
964,5.333521957470769
965,5.323222211904127
966,4.588449992058123
967,4.870374643399724
968,4.545107877231347
969,5.136185982438061
970,5.215322476149702
971,5.245605119029079
972,3.5982391949507146
973,4.21749888205788
974,5.397818950775014
975,4.874517982862323
976,4.748813865959662
977,5.155347055321098
978,5.356857707104027
979,5.601317328745205
980,6.342460030167746
981,4.4497648057484
982,4.933177263840195
983,4.892390719189423
984,5.022777291914566
985,5.2755171425418155
986,5.34284147992813
987,5.846274232124577
988,4.92210416419077
989,5.1760305085042555
990,5.580626139354843
991,6.132422119519012
992,4.059565557995525
993,5.732109871396455
994,4.708574238324253
995,5.249464154496501
996,5.124640396824996
997,5.324327655631767
998,5.391456756278836
999,5.699353741440701
1000,4.204744034377519
1001,4.5515109386975094
1002,4.885865896169537
1003,4.987928873438313
1004,5.008768588615065
1005,4.564131724756967
1006,4.9029343607333855
1007,5.15257713794728
1008,4.116357353241466
1009,3.6466363386763483
1010,4.142819489920373
1011,3.900585432066123
1012,5.301394391682166
1013,5.3505601300077235
1014,5.949663165950787
1015,4.54917321225319
1016,5.32357416442707
1017,5.469148749049777
1018,5.351157018530928
1019,4.670406599578216
1020,4.502756718849699
1021,5.032947021336114
1022,4.655479425943882
1023,6.501011745083116
1024,4.190304845348855
1025,4.315866250915278
1026,5.409407881397271
1027,4.931788699825604
1028,5.249457054599743
1029,5.462354365830456
1030,6.103586156046424
1031,6.444390813269986
1032,4.471640391603427
1033,4.57909802657731
1034,5.6947285683468944
1035,4.975855328798269
1036,5.448050658543936
1037,5.411310323143813
1038,5.603396328616752
1039,3.7296266178230617
1040,5.240818831627695
1041,5.384488453912444
1042,4.855580198006876
1043,5.349626811000369
1044,5.379811179936416
1045,4.088486932239578
1046,5.1880102782589335
1047,4.402042095047467
1048,5.31492838899935
1049,4.832901785842116
1050,4.901909519264169
1051,5.407713821876638
1052,4.722403872558407
1053,4.941624848173488
1054,4.60989144967896
1055,4.057697399634838
1056,5.2723331561294895
1057,3.9078882046674535
1058,3.6975123316206933
1059,4.277681729150353
1060,6.078663512865086
1061,5.481245108592502
1062,5.603005309768405
1063,5.843135726070596
1064,6.678425864211335
1065,5.084200682869823
1066,5.518970405523183
1067,5.601089559602325
1068,5.586432144925286
1069,5.679139604389352
1070,5.643803762295969
1071,3.7155197221309466
1072,5.3190568718249995
1073,5.409041292366059
1074,4.879270298720371
1075,5.524858050088915
1076,5.345652522549703
1077,5.491139132220526
1078,4.992051180566447
1079,4.632052957171509
1080,4.589312370286737
1081,5.487021126501616
1082,4.559265906281306
1083,4.299845779257498
1084,4.93887642793618
1085,5.1204897652678
1086,5.580548055145118
1087,6.0623728672337425
1088,6.058465569769659
1089,5.290495761198607
1090,4.7003526993254585
1091,4.970711679317019
1092,5.154061319291966
1093,4.564473530294951
1094,4.281148118743712
1095,5.184784860666265
1096,3.9608757500869674
1097,4.282524388760368
1098,5.2988471021472305
1099,6.0338675315219445
1100,6.095907732466416
1101,5.588002828313384
1102,5.133838478863885
1103,4.102563030376487
1104,5.527613162472959
1105,5.43220389947448
1106,6.210601902442525
1107,5.243825227170818
1108,5.153721395131742
1109,5.187153382007816
1110,5.650973041170519
1111,3.845194648911442
1112,5.227302455628014
1113,4.233230510836778
1114,5.39116294850227
1115,5.8971266346473445
1116,4.840874115349368
1117,4.722683127903921
1118,5.1232102574065665
1119,5.38035052385934
1120,5.633359039926099
1121,6.376792828480829
1122,5.383239536387214
1123,5.05676021089869
1124,4.967465383761672
1125,5.185780040092476
1126,4.822989873446355
1127,4.833127687413334
1128,5.08706063230005
1129,5.718947227273845
1130,4.666476251510362
1131,4.269039990160535
1132,4.515251225490901
1133,4.956380679010569
1134,4.956958740917235
1135,5.361761384722406
1136,4.633043284130019
1137,4.982242678184897
1138,5.06610164116031
1139,4.541274704691523
1140,4.623830768836513
1141,4.843941293218849
1142,4.734179036021045
1143,3.992648195152648
1144,4.150229608317362
1145,5.405754771016959
1146,5.7956135683474805
1147,4.945825691567201
1148,5.102908783156127
1149,4.97681601312356
1150,5.177180036750026
1151,5.6162520793849735
1152,4.951332334991915
1153,5.874391135583072
1154,4.145728423255082
1155,4.409305784648764
1156,6.065660524356106
1157,4.667777052340396
1158,4.24550249688631
1159,4.456154487186244
1160,4.2065379021450635
1161,4.3256726993083126
1162,4.5443554082546616
1163,5.848009711098043
1164,5.948513641375776
1165,5.765419508377511
1166,5.863005589407936
1167,5.048070973180247
1168,4.8546515761704105
1169,4.927680430677669
1170,5.174074787007693
1171,5.235077242048228
1172,4.987390175950982
1173,4.512821485018811
1174,4.048302985053443
1175,4.359049920669778
1176,4.780513058881276
1177,5.166142738510375
1178,5.5058058167812085
1179,4.176958567754231
1180,4.654415467050396
1181,5.774785778427542
1182,4.621959107935718
1183,6.050624395940121
1184,3.767570221098615
1185,4.024246689589998
1186,4.79335903074677
1187,4.982060775154525
1188,4.575062427765074
1189,6.079273392459469
1190,4.788343569530624
1191,4.578708330015937
1192,5.064430841394214
1193,6.230966172474544
1194,5.870254817551223
1195,4.768134964165973
1196,5.593173811175922
1197,6.066184038184945
1198,4.4447488001992035
1199,4.518836885663846
1200,5.370623040528774
1201,5.82108371912341
1202,3.843252150991254
1203,3.826616551483365
1204,4.039323206191526
1205,4.046662140971783
1206,5.540593866058362
1207,4.079436811967135
1208,4.180555494889515
1209,4.4184577485847285
1210,4.0726391026529996
1211,5.512240703666833
1212,4.491278020100999
1213,4.111294767266446
1214,4.089756322475324
1215,4.014549822928256
1216,4.038831571842005
1217,4.204463436970878
1218,4.403605268715124
1219,3.557405000388008
1220,4.5179573997564875
1221,6.309834711586074
1222,3.5732892776899003
1223,3.740258893277012
1224,4.183765936551642
1225,3.873804760928288
1226,3.967123577945795
1227,4.075020237744406
1228,5.873049916382495
1229,4.708195974735951
1230,5.375513961864418
1231,4.464595401839279
1232,4.126696033543484
1233,4.784645388868832
1234,4.1332580753875705
1235,5.983497343664793
1236,4.587866129261477
1237,4.735061374506616
1238,4.2416549296846755
1239,4.244607654994925
1240,4.30225216821125
1241,4.106264625049909
1242,4.045945316132109
1243,4.920154155243448
1244,3.9487698420015622
1245,5.970053751988765
1246,5.135773290742082
1247,4.153609533924304
1248,4.997443983933826
1249,4.632079553291296
1250,6.353763062922057
1251,4.38982045906971
1252,4.549011009412647
1253,4.570143701771509
1254,5.067025169971422
1255,4.719112803457437
1256,6.086421487801423
1257,5.169937075446063
1258,4.9228596820044
1259,4.6779888656708986
1260,4.887326285432392
1261,4.397404150265541
1262,4.584324901223208
1263,6.4819106447980195
1264,5.723472738161083
1265,5.7267374283220915
1266,3.845717004728349
1267,4.044969845841164
1268,5.65123141571393
1269,4.302350333257719
1270,4.0622446728782124
1271,5.827765174780126
1272,4.238598443881405
1273,5.860218275353526
1274,4.980557865289042
1275,4.6388901838327286
1276,4.409722468667056
1277,4.638642513024533
1278,4.432020537587826
1279,5.5691529592805695
1280,4.519094982643375
1281,4.570230937185985
1282,4.673614193220678
1283,4.554442045192515
1284,5.033567111982474
1285,4.685714278411859
1286,4.692023191378796
1287,4.502471621454361
1288,4.374157745660557
1289,6.646356568726423
1290,5.889538336094148
1291,4.355878169235325
1292,6.0903611113834355
1293,5.05202934489606
1294,4.975773161680962
1295,4.759911872264184
1296,4.972005652762189
1297,4.841785418600929
1298,4.81208313339416
1299,5.890036649180783
1300,5.068632615961829
1301,5.281654460311212
1302,4.604341603096779
1303,4.8273616922645886
1304,4.430784841354421
1305,4.3372808968343985
1306,6.228552434666311
1307,5.782794756074228
1308,4.016070274921629
1309,4.273899672007517
1310,4.410458931177337
1311,4.292700108086476
1312,5.56220524164356
1313,4.376527338719308
1314,4.239378890734028
1315,4.483623720925108
1316,5.192809592918056
1317,5.688085970803838
1318,3.858765149579755
1319,3.7017265454231847
1320,4.262036976945032
1321,5.2289600903615225
1322,4.189632378707359
1323,3.9876297131135994
1324,5.070124144098724
1325,6.032767799256994
1326,5.190671797927973
1327,4.315884717561482
1328,4.957161484157704
1329,5.606589357548142
1330,6.054168542001168
1331,5.4352830809593895
1332,5.562760621980654
1333,5.483711837362951
1334,4.41446068759355
1335,5.836085914139309
1336,4.507623497163851
1337,5.211378782633146
1338,5.713311770510044
1339,5.063855929812111
1340,4.299717933708912
1341,4.5243186428199635
1342,5.02894195445797
1343,4.756569560842754
1344,6.420467568229785
1345,4.499563866192804
1346,4.699060025505216
1347,4.460001581224928
1348,4.59855711144029
1349,4.799415547489832
1350,4.745049819709858
1351,4.159713591297717
1352,5.209369876876063
1353,5.555143069338486
1354,3.8718928114207634
1355,4.249459548524555
1356,3.592244481894526
1357,4.006847343034291
1358,4.020169905395471
1359,5.228146028198934
1360,3.927174357931639
1361,4.352735452250703
1362,4.841919634595993
1363,5.5428587674431276
1364,4.539328758970457
1365,4.271653226680608
1366,4.818293188331918
1367,5.304126598550265
1368,4.8367875794337625
1369,5.115384912914967
1370,4.512506996492159
1371,5.38363162625966
1372,5.25312399091057
1373,4.487263655913806
1374,5.337703734558863
1375,5.352309013417553
1376,4.735318734978569
1377,4.389591638930741
1378,4.208547561451481
1379,4.407315718400861
1380,4.304339917923085
1381,4.9503356908977825
1382,5.395476031766892
1383,5.253392547226241
1384,4.977968522089316
1385,5.378962036749838
1386,5.350084038394615
1387,5.13571302455001
1388,4.2182470563545795
1389,4.380769211146147
1390,4.463728511698028
1391,4.632084190038201
1392,4.65744225939297
1393,5.945650813308448
1394,4.880405180514311
1395,5.422019383311245
1396,4.940994007390831
1397,4.3176994196596095
1398,4.477024957944556
1399,5.200647724333521
1400,4.495595952845526
1401,5.261956014114964
1402,4.941133045235887
1403,4.580057646341303
1404,6.213401607919248
1405,5.093132488183359
1406,6.4811179824961815
1407,5.1013816322252925
1408,5.041819181624348
1409,4.389463419498728
1410,4.831438209179204
1411,5.070675654592203
1412,4.065555106104674
1413,3.9742248072806925
1414,4.258159784963924
1415,4.13210918314715
1416,4.189119977622206
1417,4.554203256319704
1418,5.384151510195222
1419,5.369810855086599
1420,3.9460041685817746
1421,4.609985328120349
1422,4.634061434364514
1423,4.600796897788057
1424,5.533651922814017
1425,5.286790233035124
1426,5.332824837161445
1427,5.331694709365682
1428,4.778634029148296
1429,5.418674798227859
1430,6.233522454985909
1431,5.178307710315714
1432,5.258103691447925
1433,6.211033895734417
1434,4.1191446308876225
1435,4.185132312746236
1436,5.391223022944142
1437,5.674021434655688
1438,5.087841216314249
1439,5.012066966777846
1440,5.145986193089226
1441,5.034018675733843
1442,3.8873802418459027
1443,4.086973057229004
1444,3.9679018162891806
1445,6.170327168943414
1446,5.927185199661633
1447,6.174145047977789
1448,5.645025851706136
1449,6.077950088872849
1450,5.955489928919163
1451,4.620920843654298
1452,3.602059755806107
1453,3.946906992257305
1454,3.6512634123544023
1455,3.198210388785242
1456,3.899487022605741
1457,6.0645803752611025
1458,6.031383078019417
1459,6.2085549517212675
1460,5.864250562776803
1461,6.027201084915159
1462,5.977020892149172
1463,6.064831294849545
1464,6.139577638118375
1465,6.316921858290869
1466,6.372177783281604
1467,6.202886450763262
1468,5.954388360182216
1469,6.057443397924718
1470,6.148243377770728
1471,6.227569863250635
1472,5.1767285271974215
1473,3.923544902210442
1474,4.636387152095019
1475,4.270413466893219
1476,3.575109261308537
1477,5.234586880907421
1478,4.49245334911712
1479,4.266908065741682
1480,4.511143185186338
1481,5.575574535204025
1482,5.759766453706223
1483,5.451101543192688
1484,4.534114149359613
1485,4.7064445385405245
1486,4.730250159884746
1487,4.574689696290478
1488,5.903011078059813
1489,6.18278605946212
1490,5.628183205910952
1491,6.015861261177437
1492,6.195163836277175
1493,6.1295870075379595
1494,5.49633900195973
1495,5.617408680135139
1496,5.382238151722858
1497,5.194379804455007
1498,5.077056584098517
1499,6.784606349902526
1500,6.050828299377512
1501,6.007582064087851
1502,6.511085096190195
1503,6.3289433442853325
1504,4.956534685609528
1505,3.983206917373658
1506,4.095369605341185
1507,3.939227455091963
1508,4.436432396717651
1509,4.173777920814
1510,4.513412329212478
1511,4.8538092914717845
1512,3.6955652323567207
1513,3.9550497289825
1514,3.5688757416471413
1515,4.356133721279581
1516,5.078980623320376
1517,5.2141863155792665
1518,4.060407387559987
1519,4.368476669192061
1520,4.084912227864462
1521,4.379675106827613
1522,4.9083937247325835
1523,5.275695266156477
1524,5.1717090793416345
1525,5.256384309873151
1526,5.028774003514443
1527,5.179645217245488
1528,4.393655541946867
1529,4.610413708186469
1530,4.497233913545517
1531,5.242644357105401
1532,5.2089416821737435
1533,4.031270607769442
1534,3.8981400422415726
1535,4.170856741045374
1536,4.148139479016427
1537,5.004724048838423
1538,5.120052384622447
1539,4.315718271531976
1540,4.180311984910956
1541,4.245754473925295
1542,5.403997179470195
1543,5.559936582738147
1544,5.34009712755524
1545,5.001294993375214
1546,4.98974006099919
1547,5.570426070356521
1548,4.947481015747479
1549,5.472198280546323
1550,5.563590759611129
1551,5.886613768183668
1552,5.291177099856053
1553,4.356511838589045
1554,4.561011143477661
1555,5.956427163083365
1556,5.792353705434399
1557,6.0600013306572516
1558,5.4769703900598525
1559,5.926885295904087
1560,5.896618936820007
1561,4.407393714384583
1562,4.478290469542139
1563,4.547487214878833
1564,4.1471527225888725
1565,4.2988423275956285
1566,5.315907196471767
1567,5.357320785007266
1568,5.343409632257012
1569,4.643766149664676
1570,5.421472666496949
1571,4.0628692683409
1572,4.659527799564687
1573,5.535708744006269
1574,5.8971288912547495
1575,4.5764517706499594
1576,4.587622796696997
1577,5.107023165493293
1578,4.194540856727054
1579,4.090557433497547
1580,3.531301735247527
1581,4.499736048277089
