Formula,prototype,Mismatch,avg_lattice_param,Unlabeled_Eb,Unlabeled_ILD,Unlabeled_Eg,band_alignment,Unlabeled_IE,Unlabeled_EA,Unlabeled_wf,Unlabeled_Ecbm,Unlabeled_Evbm
BaBr2-BaCl2,MoS2-MoS2,3.443629382,4.61288071,12.6231706171614,3.8418688960551264,3.255953737548747,1,6.290936041484648,3.9072237273411927,6.4313536855010085,-3.8396150175860857,-6.773948807147815
BaBr2-PbSe2,MoS2-MoS2,3.870115885,4.784896485,21.179239327977232,3.674234292553551,1.924426646351592,1,5.625096243615896,3.714662181700372,5.610667165197725,-3.684539676982856,-5.680981465361574
Br2Hf-Br2Ti,MoS2-MoS2,0.807365914,3.48611671,220.85212939815665,3.812784907372896,0.0644746870632795,3,5.192250137943377,4.289178433771103,5.152536130734444,-4.147304067934319,-4.953093288427966
Br2Ti-Cl2Hf,MoS2-MoS2,3.596440983,3.410711735,217.0605107996358,3.774330865832492,0.1303349070701679,2,5.402154235923958,4.514540857493487,5.534746307784982,-4.428082253661026,-5.041584472425592
Br2Ti-Br2Zr,MoS2-MoS2,2.565858243,3.517166605,201.03764216469816,3.8114866024446528,0.1975560838903848,2,5.012646038372613,4.364560676677564,5.259671451262743,-4.262582512137916,-4.487569393478611
Br2Ti-Cl2Zr,MoS2-MoS2,1.799701491,3.441079275,191.8416339266291,3.7867448385864657,0.289910410429958,2,5.069025756698075,4.400500040249695,5.348255266273617,-4.269842399673989,-4.619060848605047
Br2Ca-PdSe2,MoS2-MoS2,2.900289865,4.059968435,61.06078599373167,3.5533490446260685,0.8614883096651694,1,4.848774433981384,4.347793140125527,4.935371455953353,-4.2167681537983706,-5.075156719161636
Br2Ca-Cl2Sr,MoS2-MoS2,2.52942706,4.171602685,48.41660904186884,3.864145601110956,3.504193126706008,1,6.5648413416911175,3.7019408780945646,6.479138118770558,-3.6685271977919616,-6.834227342041822
CaCl2-PdSe2,MoS2-MoS2,1.38991489,3.97347902,69.37252872782958,3.569950808437676,0.7063165958260447,1,4.785704996279833,4.575556019393551,4.969719778830203,-4.3480912983582245,-5.272770600144283
CaCl2-I2Zr,MoS2-MoS2,3.0046212,3.887463255,127.56219245835324,3.905950144891091,0.7856858414297424,3,4.681640676641468,4.229778865496332,5.027051784892053,-4.264496316057166,-5.196579014235654
I2Sr-PbS2,MoS2-MoS2,1.956238691,4.681353939999999,37.5833222146751,3.71691601382516,1.7735800943326478,1,5.809741366030923,3.743671268637361,5.719262252735351,-3.791674259601377,-5.904822625231925
I2Pb-I2Sr,MoS2-MoS2,2.913510274,4.56900549,42.78085274113784,4.025843909387188,2.359896029995826,1,6.3062824703763765,4.137892896670578,6.053508995821747,-4.062681106369146,-6.248090229787555
BaCl2-CaI2,MoS2-MoS2,3.313686446,4.45956741,46.101852755065096,3.9608077544755433,2.8528902375855187,1,6.32948084950798,3.4135776301227136,6.296666449937652,-3.475177315134573,-6.584933128400277
BaCl2-I2Sn,MoS2-MoS2,2.544706742,4.47649857,21.06167135087453,3.9945247637774406,2.194205775535832,1,6.233062376035066,3.670528444980921,6.09971719141952,-3.646428940896256,-6.384305066304761
BaCl2-Br2Sr,MoS2-MoS2,3.241722107,4.461146465000001,34.94800330838152,3.795490022886394,3.4099642608274428,1,6.335624935026728,3.612626545668631,6.507600989607815,-3.625824194426016,-6.891393827906944
Br2Hf-Br2Zr,MoS2-MoS2,1.758583405,3.531239465,255.99948690330115,3.801710381989139,0.2239394080769755,2,5.158895424986627,4.228156210578521,5.264332250319262,-4.107575518289362,-4.537731419713273
Br2Hf-Cl2Zr,MoS2-MoS2,2.606972706,3.455152135,240.28139020906625,3.776682820361428,0.113506104825046,2,5.372466750836931,4.466834816264736,5.427873264991607,-4.206847601408745,-4.954934373221142
I2Ti-I2Zr,MoS2-MoS2,1.582991312,3.79899262,197.0474448458175,4.042116573083292,0.0385790393497261,2,4.768314008361223,4.105005062321969,4.8234922862827885,-4.189992847491566,-4.412864047246207
HfI2-I2Zr,MoS2-MoS2,1.470791397,3.801108295,247.114990340735,4.063390513816273,0.0798957208268054,2,4.920065385870244,4.180518801063658,4.861722217729649,-4.133903266950747,-4.462051382693266
Cl2Hf-Cl2Ti,MoS2-MoS2,2.12273694,3.314203705,219.42835804650596,3.588547961205573,0.0726484988376873,2,5.43224345480333,4.511723725006046,5.48430620971676,-4.358767520907833,-5.172780185269876
Cl2Ti-Se2W,MoS2-MoS2,1.211840668,3.299017205,158.5623066308181,3.752084327130543,0.5038671161819438,2,5.199572691855747,4.112504387794816,4.993733094542567,-4.241296072621622,-4.739827356985039
Br2Pb-CaI2,MoS2-MoS2,1.789873623,4.34677845,32.81094762272938,4.012941145085618,2.2837587035625697,2,6.559901571270584,4.202766317199536,6.236357063822547,-4.015340323749117,-6.500743325887922
CaI2-I2Sn,MoS2-MoS2,0.769141847,4.4026105300000005,28.526477306539693,4.182176158786563,2.0152586255573555,1,6.068316388472458,3.9837852536349336,5.69848777738708,-3.860644499107715,-5.871700452798273
Br2Sr-CaI2,MoS2-MoS2,0.07198367,4.387258425000001,55.44783014927927,4.016145197599826,2.540530901054241,2,6.29664590744435,3.623311856601319,6.278796984944302,-3.522158157898027,-6.341198466886127
CaI2-I2Pb,MoS2-MoS2,2.62748083,4.44406282,39.61568975445967,4.081202731331362,2.182638402035308,1,6.416959190558091,4.428717877305699,5.931665995003304,-4.154767826645502,-6.235421288138839
Br2Pb-I2Sn,MoS2-MoS2,2.5589274,4.36370961,10.68587112523203,3.96581389752426,1.840213368206149,2,6.214172853266557,4.261309663441178,5.953014243550663,-4.342595390503018,-6.184259823738027
Br2Pb-Cl2Sr,MoS2-MoS2,1.957657836,4.26611952,13.759777413538671,3.879723658753285,3.478794119997481,1,7.104025699659029,4.153717678547743,6.605713122597134,-4.126690374475141,-7.483620949047686
BaI2-PbSe2,MoS2-MoS2,0.903139808,4.899612175,101.43950982742292,3.901238532029717,1.4161078901794748,1,5.676279573561033,4.653397375346707,5.636987857492479,-3.9388955143178777,-5.793026450100041
Cl2Hf-Se2W,MoS2-MoS2,0.910954856,3.33419312,186.9082852725828,3.55501829115817,0.1207801262625719,2,5.702866695120728,4.0134550791017976,5.352714421355067,-4.371324156013274,-5.134386628471553
Cl2Hf-Cl2Zr,MoS2-MoS2,1.797030275,3.37974716,213.99718212763523,3.70870766923968,0.2679418000417318,2,5.608013360506557,4.4655697908627285,5.541764985907151,-4.238195535250746,-5.150319865790484
MoSe2-Se2W,MoS2-MoS2,0.02235851,3.319377705,118.94433797743372,3.6844451519485535,0.776053301908704,2,5.301239712390375,4.179096330440978,5.09861241833078,-4.27546109307958,-4.987274845166394
Cl2Zr-Se2W,MoS2-MoS2,2.70787431,3.36456066,147.6876385201961,3.5841845428048438,0.3125684660182253,1,5.233557712312588,4.220258277285182,5.030633456896451,-4.354960006871072,-4.640624782833763
Br2Sr-I2Pb,MoS2-MoS2,2.555509244,4.445641875,29.357588902098684,4.007211410421382,2.465361260801389,1,6.494992244944502,4.03059380573541,6.174692693736247,-4.024978226282029,-6.481883181602008
Br2Sr-Cl2Sr,MoS2-MoS2,3.819161123,4.306599495,55.13486690749895,3.857038397749567,3.3707318252455587,1,6.558772983774071,3.7602686192272423,6.390334098863562,-3.922141472319866,-6.781637951802413
Cl2Zr-MoSe2,MoS2-MoS2,2.685519865,3.364931745,140.9391150551073,3.651543816544711,0.0276030223764629,2,5.001145956613351,4.195229328889619,4.8859147631517,-4.289979567024003,-4.311128746912969
Br2Ca-CdI2,CdI2-CdI2,0.595332822,4.31154111,36.24149990798708,4.10390632149113,2.6053283258615787,1,6.1948174704578856,3.790058155389204,5.900471047650363,-3.882735736191525,-6.085218187221445
Br2Ca-HgI2,CdI2-CdI2,2.035542401,4.342907965,31.12859205830757,3.723226418903223,2.201189798123187,1,6.084164260280715,3.968222072905104,5.831429622245862,-4.1723645200476085,-6.153390876508033
Br2Ca-I2Mg,CdI2-CdI2,2.147609073,4.253037785,57.16091080625524,4.10522112438092,3.4213182383545004,2,6.193899079556375,3.3606652199573714,6.053975871858244,-3.4625631914719497,-6.115349555407288
Br2Zn-CdCl2,CdI2-CdI2,2.636950294,3.848853255,30.672757860584326,3.8246225151822193,2.427826565712514,2,6.710850460946863,4.281457456676941,6.393112990879043,-4.239281041219796,-6.931815061442638
Br2Mg-CdCl2,CdI2-CdI2,0.412842,3.89156642,32.134209507290485,3.898820775674349,3.1472343032480774,2,6.737223617226212,4.309593107250751,6.369744522221144,-4.294304007247637,-7.004060272165516
CdCl2-PtTe2,CdI2-CdI2,2.936577427,3.95771004,33.89866779435091,3.734308030894367,0.6728120326998982,3,4.844785871790711,4.397404687680808,4.86573411429365,-4.414630077952719,-4.975009340242996
Br2Ru-CdCl2,CdI2-CdI2,3.104139667,3.83999995,64.23981611710488,3.725893420794253,0.8785483996052273,2,5.173339438451101,4.310541624952392,5.282466196482962,-4.284765063647944,-5.2413201650495935
HfO2-O2Zr,CdI2-CdI2,0.44114083,3.261622235,72.97239164151424,3.3485266113840413,2.7008650201199007,2,6.2581047090473785,4.338852525220213,5.984263968811913,-4.4051489649606905,-6.609328104774902
Br2Mg-PtSe2,CdI2-CdI2,3.544991285,3.815896805,73.88229543747542,3.845264807802203,1.5410123910779627,1,5.629111848531152,4.202803482628767,5.501780753351578,-4.286434787574619,-5.680918092736172
Br2Ru-PtSe2,CdI2-CdI2,0.853811046,3.764330335,110.3213133843818,3.600510959449695,0.3971515006171182,2,5.163257922214965,4.337277431678801,5.002512606480376,-4.412704993484963,-5.01407652467089
Br2Mg-Br2Zn,CdI2-CdI2,2.224168827,3.840820245,47.06916702081905,3.93575973625374,2.990447136979603,1,6.497111292495969,4.03583026265921,6.261009994437664,-3.982173590978164,-6.554977636022621
Br2Zn-Cl2Mg,CdI2-CdI2,3.35111276,3.7355164,43.07971875271048,3.891407316608664,3.1612662594147154,1,6.411597501045029,4.055822036945218,6.261809296726784,-4.008990697425733,-6.562786312836325
Br2Ru-Br2Zn,CdI2-CdI2,0.467284996,3.789253775,86.68036026161244,3.8081199181844654,1.257185196860385,2,5.054808326860831,3.9297225266458335,5.055569877148626,-3.962967297469489,-4.954718209112809
CaCl2-PtTe2,CdI2-CdI2,2.98786401,4.076724135,70.43625126382645,3.869567085836126,1.3920178740572968,1,4.705535076711566,3.795625330102093,4.77618410614729,-3.7518329411624753,-4.763794054187741
CaCl2-I2Zn,CdI2-CdI2,0.916119986,4.118761225,43.50917240628967,4.016409545321552,2.4168263456106414,1,6.096424780695477,3.851639297650899,5.893447719287043,-3.916022029840268,-6.124330442811625
Br2Cd-CaCl2,CdI2-CdI2,1.842786888,4.099851855,30.483870069192275,3.929622452585556,3.3578071079457,1,6.616265350625796,4.171061260264085,6.260922717593558,-4.194977484971087,-6.713910672534004
CdI2-GeI2,CdI2-CdI2,0.555103724,4.312405955,41.9616156862968,4.141666974087042,1.9453654175764683,1,5.944158852376223,4.142851968128716,5.625356463508466,-4.206503686608927,-5.902358671325238
CdI2-Cl2Sr,CdI2-CdI2,3.150112798,4.393576425,22.13115165839934,4.0328421765953735,2.9691385742909726,1,6.256374456143587,3.98743378434296,5.777062035130482,-4.09381019323004,-6.157511368009407
Cl2Mg-Cl2Zn,CdI2-CdI2,2.036654357,3.635900355,42.05649833783456,3.829597959955629,3.1410033348575808,1,6.590324629565952,4.19763938835245,6.278393308391678,-4.151901543406883,-6.755985426889838
Cl2Ru-Cl2Zn,CdI2-CdI2,0.15867316,3.5960220300000003,93.61857235231297,3.648948314856865,1.3001543885334148,1,5.298744771241614,4.284997805419285,5.227529075755686,-4.272771417119637,-5.12085904585433
Br2Mg-PtTe2,CdI2-CdI2,3.349317914,3.94967703,80.09625398267676,3.877982913679986,1.211875063516986,1,4.766734309675267,4.00763027164286,4.650298895271719,-4.084057245612223,-4.72359821625327
Br2Mg-Br2Ru,CdI2-CdI2,2.691383893,3.83196694,78.81156334004123,3.847387850654615,1.4639811154823068,1,5.13480299331962,3.935609784857785,5.122086372992017,-3.8847629126656384,-4.975631823269879
I2Zn-PtTe2,CdI2-CdI2,2.071885805,4.05785774,54.34970339570643,3.986219765540283,0.2918136502978007,3,4.723516912453639,4.332686645269592,4.604606489328776,-4.369136886928114,-4.733285057387494
CaI2-HgI2,CdI2-CdI2,3.618874768,4.4679536550000005,30.9891953684364,3.8221569503569017,1.9476132574322285,1,5.84601631493177,4.123550131473162,5.620585154670753,-4.2185940230578085,-5.913500858986385
Br2Ru-Cl2Mg,CdI2-CdI2,2.883940664,3.726663095,85.21703560494652,3.7931016679996894,1.4504186224678706,1,5.031748808249793,3.966739844173557,5.146446829329548,-3.800899633692596,-4.910349275992024
Cl2Mg-Cl2Ru,CdI2-CdI2,2.195309781,3.633047395,88.0539432449556,3.730717587790542,1.4826601805856874,1,5.277887253802792,4.139659332288324,5.257103998005547,-3.9708541281147527,-5.139846658717093
Cl2Mg-PtS2,CdI2-CdI2,2.740434125,3.62327893,78.02009024892479,3.6715282181778406,1.919339636156391,1,6.19781074627828,4.370858934728276,6.045571458366521,-4.338193855398877,-6.301511831090584
I2Mg-I2Zn,CdI2-CdI2,2.587462099,4.15363165,51.69212511188693,4.201778504915538,2.083787111779409,1,6.01928870085546,4.040681489312858,5.727455746556716,-4.028075476267465,-5.904311006599152
Br2Cd-I2Zn,CdI2-CdI2,0.926706014,4.08098546,39.0402598155552,3.9565177132633407,1.9442759445821207,2,6.097374606802995,4.238745270365932,5.877073167204899,-4.2866953888701085,-6.190663878969727
GeI2-HgI2,CdI2-CdI2,1.995317056,4.34377281,24.76607376251918,3.740702348858042,1.5472922575519663,2,5.863274724315319,4.431172235523281,5.62327245091923,-4.412164158880237,-5.9619375607294165
Cl2Sr-HgI2,CdI2-CdI2,1.710053546,4.42494328,2.469603668446559,3.658554202948399,2.1321159260063887,1,6.146493444695964,4.215137209348813,5.762022661997063,-4.38496947942201,-6.281873410361545
GeI2-I2Mg,CdI2-CdI2,2.187833778,4.25390263,52.68861748936492,4.178162842144691,2.075733978638591,1,5.93788284391583,3.989331517861052,5.572218787786205,-3.991836214331381,-5.784305294203522
Br2Cd-I2Mg,CdI2-CdI2,3.513957468,4.13472228,44.58263180985888,4.099736948556955,2.24536367581849,2,6.107131786675617,4.133063397592682,5.97725665926257,-4.081984109750605,-6.198290557239294
Al2S2-Se2Zr2,GaS-GaS,0.326760203,3.589870345,126.90914034990335,3.88383573043168,0.1607039730263018,3,5.179146972946345,4.565582834381183,5.090874223618061,-4.3554321407771335,-5.054002340212697
Al2Se2-Ga2Se2,GaS-GaS,1.22898334,3.80107847,60.54768717488115,3.9677755010911193,1.436451090013228,1,5.687651377678714,4.032879187007836,5.468713484760218,-4.015015804898503,-5.7261904250685935
Ga2Te2-In2Se2,GaS-GaS,1.364407246,4.102230375,61.23971201564672,4.074122947695274,0.5220990625174321,2,5.173295564324512,4.45475290788038,4.976141089573121,-4.40226093698036,-5.282207252729624
Al2Te2-In2Se2,GaS-GaS,1.002798091,4.09477598,58.20032121846484,4.020054308997347,0.9153416078824614,2,5.247934156059923,4.420678167515367,5.027478102304274,-4.327385171916527,-5.261479564726553
Ga2S2-Se2Zr2,GaS-GaS,1.369744978,3.620531505,124.13859537199188,3.707237990114302,0.3538934471163134,3,5.039746279132301,4.524610650493833,5.096706567591957,-4.329294024726209,-4.937087397827567
S2Ti2-S2Zn2,GaSe-GaSe,0.119885744,3.9202673,188.20916660781472,3.30434288135016,0.1036146676340369,2,4.748887950645775,3.896042473534851,5.018898738102249,-4.118024549167799,-4.386003081305481
Al2Se2-S2Ti2,GaSe-GaSe,3.260512973,3.855069855,154.86790069586672,3.697964558614936,0.0915678705674745,1,4.563651181393492,4.218206076767643,4.570589684233746,-4.109754060474595,-4.630203982719538
Br2Cu2-S2Ti2,GaSe-GaSe,0.882535958,3.93528252,189.3566028256163,3.4322496651274084,0.1456530133201612,2,4.706587512968489,3.892593289791515,4.798798055240231,-4.016018484487089,-4.604296696311407
I2Pt2-S2Zn2,GaSe-GaSe,1.016779342,3.942661305,69.4650273607119,3.77748535754309,0.0308597923990283,3,4.825813787080948,4.309042785932843,4.893121484914191,-4.07641943822257,-4.738884126429316
Br2Cu2-I2Pt2,GaSe-GaSe,0.254132036,3.957676525,77.28645931218085,3.729874776090076,0.1228697729799749,3,5.09402344543228,4.436329103743135,4.7976117344226,-4.1096163185875145,-4.8695967502069495
Ga2Se2-S2Zn2,GaSe-GaSe,2.252962959,3.878921885,58.98286339706009,3.7590959885119326,1.7414629887541242,2,5.790472695291458,3.995531094550124,5.647963018101163,-3.937424224386395,-5.828058098902565
Br2Cu2-Ga2Se2,GaSe-GaSe,3.015485659,3.893937105,85.05825018461508,3.8580192926969263,0.9112630489718696,2,5.547292722834413,4.197178542215466,5.2281533143898855,-4.117644274740088,-5.560584048271813
Br2Pt2-Ga2Se2,GaSe-GaSe,2.083013405,3.79569414,96.93207698899664,3.778772093279049,0.7282260708589642,2,5.390875307965921,4.409322641193548,5.20604169553404,-4.323954834950037,-5.373217123619859
S2Zn2-Se2Ti2,GaSe-GaSe,2.990381223,3.982158075,168.79924319660822,3.625477612121697,0.0245909669734277,3,4.520852486689496,3.8815582028704494,4.771477746234805,-4.090302882604856,-4.415103898042319
Cu2I2-Ga2Te2,GaSe-GaSe,0.684901482,4.16273389,69.67920257518327,3.999974628583839,1.0331358351729745,2,5.035965662758216,3.5336639069633757,4.726439794809303,-3.533096516643787,-4.788028386782301
Cu2I2-Hf2Se2,GaSe-GaSe,2.099477224,4.221301840000001,108.66420397903576,3.637821573524888,0.2288250681447176,1,4.660269052983495,3.47601955682108,4.420927205302276,-3.619671543383985,-3.968139468146946
Cu2I2-In2Se2,GaSe-GaSe,2.233974105,4.130848165,71.53645689223117,3.961314727575872,0.4379678858027309,2,5.005922105964064,4.055409871980504,4.764115128332582,-4.021664582477996,-4.918479113333486
Br2Cd2-Cu2I2,GaSe-GaSe,1.757235964,4.140609065,71.65962536203992,3.962095872495955,0.8309094873277876,2,4.995740238431767,3.9621239002164392,4.779737360115452,-3.8863800336800023,-4.917962078558564
Cu2I2-I2Zn2,GaSe-GaSe,0.349612744,4.1843036300000005,71.2694906242802,4.06593507331529,1.464009945988196,2,5.153188508200294,3.33026872935125,4.77760035388438,-3.3894472045110984,-4.801294146122846
Al2Te2-Cu2I2,GaSe-GaSe,1.075731506,4.1546428,68.07800254318607,4.023325749806672,1.379553901952718,2,5.134056536640307,3.4621023196032352,4.795729345229789,-3.483017270268705,-4.871548111488815
Cu2I2-Se2Ti2,GaSe-GaSe,3.292259667,4.109344065,151.53092048579532,3.66009392267308,0.0777615252650365,1,4.508557438389568,3.669355832894853,4.451857995018257,-3.670031601139224,-4.136653669171956
Cu2I2-Se2Zn2,GaSe-GaSe,2.464162563,4.12615166,86.32557619439112,3.790526810098097,1.0103413482850057,2,4.97613887124199,3.860302801322881,4.685273180391703,-3.719457607723252,-4.723860027133501
Cd2S2-Cu2I2,GaSe-GaSe,3.261892853,4.246243155,59.93407514690028,3.685937904490991,0.9007859389695624,3,4.987675503655641,4.041984442708191,4.888194818609605,-4.073040125599143,-4.864899345357584
Cu2I2-Se2Zr2,GaSe-GaSe,3.493199636,4.251241375,175.2500185647633,3.653770900666158,0.0868022476735476,1,4.376076691215202,3.4440445841731377,4.371390500332481,-3.504160253555508,-3.727687865369771
Cu2I2-Te2Zn2,GaSe-GaSe,3.582222221,4.25316817,76.5009607502164,3.9411396128164906,0.5215281714481621,2,4.997503022420959,3.936092626817629,4.744651392857576,-3.8386598460736687,-4.732468340325371
Cu2I2-Hf2S2,GaSe-GaSe,0.696851846,4.16248602,170.17843631809814,3.48549217647312,0.1817552512525337,1,4.7899125082493335,3.3617553724265434,4.686332613953119,-3.4482120427935903,-4.096573788688737
Br2Cd2-Ga2Te2,GaSe-GaSe,1.072366748,4.126353755,48.91313793750677,4.034839623736758,0.8316038515378754,2,5.2312662502447616,4.304807559510431,5.006687145553368,-4.291714410107527,-5.334115315090847
Ga2Te2-Se2Ti2,GaSe-GaSe,2.607505175,4.095088755,174.38822585293,3.686495038917466,0.1025740925235386,1,4.535930904725944,4.1850844555710704,4.72469348072643,-4.204046714667545,-4.469008095892046
Hf2Se2-I2Zn2,GaSe-GaSe,1.74989659,4.22861627,111.96144756276296,3.776732021199784,0.1236137807335127,1,4.533965836163532,3.7719550202845222,4.27841120299198,-3.69597878247372,-4.065861805101853
Al2Te2-Hf2Se2,GaSe-GaSe,3.175029462,4.198955440000001,111.02795811432654,3.6471591948709774,0.1296237076431592,1,4.669932656373185,3.8902937484696425,4.354687717109762,-3.865630743357814,-4.1899079193517785
Hf2S2-Hf2Se2,GaSe-GaSe,2.796226796,4.2067986600000005,245.34537198412548,3.2456319389972386,0.0678226934878335,2,5.035765931625322,3.879961346766991,5.036671132009164,-4.174193958136298,-4.570380935559877
I2Zn2-In2Se2,GaSe-GaSe,2.583536404,4.138162595,40.20396249604371,4.0661261191268485,0.9227635596452038,2,5.449263674380213,4.476416409288938,5.292234613761032,-4.350618286431328,-5.477529058124069
Br2Cu2-In2Se2,GaSe-GaSe,3.286142469,4.018677395,67.85312076124714,3.812061497911113,0.4594513448003678,2,5.397385798244197,4.452110177395268,5.20314931725851,-4.382045364240795,-5.453161933590143
Br2Cd2-I2Zn2,GaSe-GaSe,2.10681635,4.147923495,36.11244211017249,4.001065844064084,1.191552296677628,2,5.499745457041256,4.292253660376653,5.366798226713717,-4.158349182755148,-5.545196945058167
Br2Cd2-Se2Zn2,GaSe-GaSe,0.707003134,4.089771525,56.61470775425259,3.8840193740276208,1.1789945255187009,2,5.953174077067874,4.494822264956242,5.699362060230252,-4.377598304119688,-5.9432532851136815
I2Zn2-S2Zr2,GaSe-GaSe,0.088395403,4.19347148,187.0616569086952,3.726164549717935,0.1140266435554659,1,4.339691751780957,3.650395213516161,4.388473629219559,-3.620756868134752,-3.714412791008314
I2Zn2-Se2Ti2,GaSe-GaSe,3.641767618,4.116658494999999,157.99539040074214,3.826032706181853,0.2479095840439823,1,4.521339697067624,4.013804063266964,4.583498132819189,-3.947384516248413,-4.490623535449586
I2Zn2-Se2Zn2,GaSe-GaSe,2.813714707,4.13346609,59.32309318677729,3.987527089885182,1.390472184408151,2,5.492468613815678,4.09836913822719,5.2496513574913575,-3.946142070310632,-5.490797875657626
Cd2S2-I2Zn2,GaSe-GaSe,2.91236314,4.253557584999999,40.15628312732659,3.890258073293454,1.1554006705172195,2,5.556138803691422,4.3415991283774495,5.404412313123981,-4.268339295551869,-5.618815208666259
I2Zn2-Se2Zr2,GaSe-GaSe,3.143682873,4.258555805,172.34925222988602,3.814753821390697,0.08167905376483,1,4.264451172178403,3.633950140865961,4.299719231743546,-3.659604147886143,-3.858884654532932
I2Zn2-Te2Zn2,GaSe-GaSe,3.232710692,4.2604826,50.15115217313528,4.119906625767582,0.9109645235342788,1,5.093888514678769,4.149852963977111,4.833209249002802,-4.091313682335797,-5.067357476886286
Hf2S2-I2Zn2,GaSe-GaSe,1.046458216,4.16980045,181.34437141784343,3.690840989005753,0.1332495483378277,2,4.673323965318214,3.571424398853563,4.658703477807912,-3.616267972521383,-4.12099950108479
Cd2I2-I2In2,GaSe-GaSe,1.752843295,4.439805665,21.263181564471243,4.117552607686328,1.0608080167429392,1,5.427812110795595,4.235226245400277,5.340462895264009,-4.2238764976048175,-5.514536103370656
Cd2I2-Cd2S2,GaSe-GaSe,1.95946093,4.35819568,32.45230548050763,3.765589879431547,1.1591810182774682,2,5.620572143908317,4.376373206553948,5.589224681277328,-4.34622084482323,-5.61689399734391
Cd2I2-Cd2Se2,GaSe-GaSe,1.16908145,4.426770525,34.99876901621128,3.8771267525784823,1.0813745827730856,2,5.654313452770388,4.413303336776417,5.5110289815277085,-4.351173532984513,-5.664080115920593
Cd2I2-Te2Zn2,GaSe-GaSe,1.639063688,4.365120695,47.68865518446791,3.981537177649892,0.7025193566523121,1,5.146992916098904,4.217564850931338,4.912307526906055,-4.15769890572779,-5.1269506097529725
Al2Te2-S2Zr2,GaSe-GaSe,1.513721484,4.16381065,183.9245360518421,3.473531582664246,0.0206068574994235,1,4.493661102969407,3.706604446229585,4.369214347381091,-3.678762739077283,-3.8911036513181294
Al2Te2-Se2Ti2,GaSe-GaSe,2.216724429,4.086997665,155.84738747739434,3.7362584069633424,0.1833667969641385,1,4.6696676106020165,4.115388100403716,4.526434547724688,-3.882880402667333,-4.304874068685011
Al2Te2-Se2Zn2,GaSe-GaSe,1.388523073,4.10380526,62.64001173603259,3.968002043296543,1.1145185725000686,2,5.148245764738956,4.075138885212662,4.871065220709465,-3.835041361601088,-5.024506106311979
Al2Te2-Hf2S2,GaSe-GaSe,0.378886761,4.14013962,181.02872891018268,3.370621034304774,0.0908746336757729,2,4.962635539981001,3.795843094804657,4.855684114626871,-3.874720014342026,-4.391725183123759
I2In2-In2Te2,GaSe-GaSe,2.201304261,4.42995865,32.73338696383936,4.039292419111149,0.5511308603820549,2,5.1941468905134265,4.320103149253697,5.03324974428289,-4.328026016817216,-5.428289812287363
Ag2I2-I2In2,GaSe-GaSe,2.126833837,4.52685644,56.59176588812469,4.100812670648207,1.2123043041562611,2,5.499369376742047,3.9334158723214703,5.266466599334451,-4.054060793482792,-5.426573062570288
Br2Cu2-Se2Ti2,GaSe-GaSe,2.227856013,3.997173295,164.01826083004357,3.573223650519524,0.0569864870988483,3,4.5919929230257,4.036677088344011,4.603240926982962,-4.108915509339533,-4.6128214637040745
Ag2Br2-Ag2I2,GaSe-GaSe,3.129487127,4.50451174,71.94604557857915,3.833368572759657,1.0829413742176102,2,5.699633554781021,4.484538144274004,5.632551263369188,-4.398849887315989,-5.800943574160746
Br2Cu2-Se2Zn2,GaSe-GaSe,3.055980126,4.01398089,97.4911020126153,3.6784943315203256,1.1099566283252544,2,5.462198744528676,4.198990532709765,5.157360243902876,-4.068570283823828,-5.493548483031722
In2Te2-Te2Zn2,GaSe-GaSe,1.190581338,4.35527368,58.68807910360652,4.048042195303067,0.4376721330929744,2,5.064636042343791,4.359602800303221,4.927498146898961,-4.33483719488336,-5.239491244344002
Cd2Se2-Te2Zn2,GaSe-GaSe,2.808010619,4.39099697,54.39693952244238,3.80555750217098,0.4968629560686012,2,5.179354029899103,4.512123122141809,4.827812290994818,-4.435853654004965,-5.279402928560742
Ag2I2-Cd2Se2,GaSe-GaSe,2.710541453,4.5138213,58.69321686773138,3.9071008090023582,1.25933781258896,2,5.760281329056173,4.253884504410447,5.407869875636067,-4.226636951187516,-5.549341591989237
Ag2I2-Cd2Te2,GaSe-GaSe,2.028518846,4.62187359,56.84782865152248,3.981302659972842,0.98289085874714,1,5.482449468430123,4.236598834869698,5.091942745335158,-4.218420642606271,-5.372063062378516
Ag2I2-Hg2I2,GaSe-GaSe,2.645447252,4.515271240000001,21.26931151576033,4.10080511733351,1.130427186672938,1,5.727714803221375,4.242787660389346,5.404816008841335,-4.381228336284478,-5.617939972545538
AlN-HfO2,CdI2-BN,3.751363773,3.19450923,40.69163210008442,3.2107888110363456,1.5540208682591912,1,5.527948733574577,4.656512730145059,5.419508604360418,-4.372373370853225,-5.576254952442408
BP-HfO2,CdI2-BN,1.193284494,3.23512593,88.41905634372179,3.4388023258415474,1.179452099436352,1,5.367116017353641,4.486852349146891,5.101913600222971,-4.280229021182695,-5.51895462864874
GaN-O2Zr,CdI2-BN,0.011336865,3.26863113,50.3976766376724,3.07666068286147,1.6581022909618777,1,5.467609209453212,4.953646186813729,5.206976607567131,-4.303749205578649,-5.623491875527794
Br2Ru-Te2Zr2,GaS-CdI2,0.842560993,3.76454119,119.39100435616145,3.790564740681806,0.0338411099061115,3,4.648381394194667,4.510150686532184,4.775218009394225,-4.426966190859331,-5.060514379572669
Al2Se2-CdCl2,GaS-CdI2,3.17502111,3.838660295,50.386327570736434,3.90552206508871,1.6353731140908376,2,5.644547784484484,4.240310297869704,5.599356004961385,-4.225812439867889,-5.8230817667729005
Al2Se2-Br2Mg,GaS-CdI2,2.762269628,3.830627285,60.79878409131349,4.0170901843535445,1.9661404550571613,1,5.743691628109546,3.699061995685725,5.6050932570594405,-3.726056909122814,-5.83838487733836
Al2Se2-Cl2Mg,GaS-CdI2,2.813056132,3.72532344,60.01864099571333,3.955236509180224,2.0745147364720324,1,5.716451834537683,3.6645931762431054,5.587354875618643,-3.695817990095626,-5.801408058159593
Al2Se2-Br2Ru,GaS-CdI2,0.070898912,3.779060815,82.9546414593078,3.810929908265856,0.866636590333065,1,5.179324029609691,4.099179260407735,4.913122945462288,-4.10971488322072,-5.128816493869576
Br2Ca-Ga2Te2,GaS-CdI2,3.997928429,4.21446152,52.63407384723046,4.092969761029575,1.551624345055393,1,5.207518240514914,3.736932986221407,4.974500364913133,-3.6873526002204153,-5.220123895587066
Ga2Te2-I2Zn,GaS-CdI2,0.736833699,4.115055385,60.7825313445749,4.125274395607362,1.196751170734855,2,5.261258253714793,4.098679427187535,4.958722415241991,-4.135035951499943,-5.301776130541808
Ga2Te2-I2Mg,GaS-CdI2,1.850716612,4.168792205,48.51015250723299,4.1791548871137705,1.5476544455457293,1,5.209844560445775,3.716855112332509,4.827890496785675,-3.818812715457203,-5.193309882502075
CaCl2-In2Se2,GaS-CdI2,1.543687119,4.105936215,37.29992499574397,3.9646031716277834,1.779200096921579,1,5.931504484418762,3.96899753356836,5.686027164406718,-3.9615765240589615,-5.949311949975671
Al2Te2-CaCl2,GaS-CdI2,0.540909961,4.126467385,51.646474309020384,3.965027369892384,1.8344222001856831,1,5.356947931091527,3.4468759435239646,5.005913242734146,-3.4218198488684943,-5.298259996412953
Al2Te2-PtTe2,GaS-CdI2,2.447052919,4.0655639,58.07017377271358,3.796285274508902,0.607689349171788,1,4.670450627165926,4.354114067211032,4.749867999897034,-4.276223889212365,-4.678778266185602
Al2Te2-I2Mg,GaS-CdI2,2.212301122,4.161337809999999,52.84410836181155,4.180549981661837,1.640149318873135,1,5.350518547340941,3.486383647157826,4.9345695050013445,-3.601235309282329,-5.264981466001185
Al2Te2-Br2Cd,GaS-CdI2,1.30190937,4.08869162,42.795063662485305,3.91554705635672,1.349916646468865,2,5.186446139748909,4.123150999943997,5.037780018535136,-4.186622238797471,-5.238097643087572
Br2Mg-Ga2Se2,GaS-CdI2,1.533416428,3.853984595,54.831128400685024,3.944447469018232,1.8478827604192256,1,5.813187945671787,3.9616803871179194,5.684793060108898,-3.921082668164967,-5.832849139689438
Br2Ru-Ga2Se2,GaS-CdI2,1.158086951,3.802418125,77.57392935438759,3.8770609538896617,0.493850005981064,1,5.082937935842474,4.259031000284466,4.910553572201221,-4.306627937200028,-4.988935502985252
GeI2-In2Te2,GaS-CdI2,1.601491911,4.335150329999999,50.23740834400794,4.19428657257312,1.1688719915468524,2,5.215130540761447,4.332667337801027,4.987032105658889,-4.297209221012243,-5.298070049883622
I2Mg-In2Te2,GaS-CdI2,3.788993793,4.288616169999999,46.44325249294371,4.19643188056094,1.4526373409903783,1,5.1878073382577465,3.9916632802125136,4.858257222034827,-4.098353459611957,-5.185765622834799
Cl2Zn-Te2Ti2,GaS-CdI2,0.258588194,3.60353415,92.95859636805704,3.9085784188214503,1.0642675043579954,3,5.029155722445805,4.056343237014923,5.0573270141905216,-4.112160136998597,-5.172615804337386
Cl2Mg-Te2Ti2,GaS-CdI2,1.778089574,3.640559515,121.85237349565452,3.9702802016086096,1.2822535724797142,1,4.954024830483871,3.8761059296243454,4.862865406424209,-4.015324401667288,-5.100176748396074
Cl2Zn-Se2Zr2,GaS-CdI2,0.087274056,3.5973052350000003,116.42353520589512,3.798687181125776,1.224892216165387,3,5.131974322911787,4.088264284725924,5.20359133032072,-3.9621580108601657,-4.930909756916091
Cl2Mg-Se2Zr2,GaS-CdI2,2.123918975,3.6343306,128.45779300673587,3.88640743540982,1.3988312432071002,1,5.050457011747076,4.058254330775158,5.101269502527696,-3.7977120961680457,-4.8941869709048245
Br2Ru-Ga2S2,GaS-CdI2,3.637971688,3.712864,102.33816063946634,3.784381872821151,0.7662891758574254,1,5.069779469652307,4.409170418309908,5.016294263438342,-4.330630176816259,-4.963054645017354
Cl2Zn-GeSe,GeSe-CdI2,1.853822439,3.632545465,48.36337597252259,3.75955039761888,1.8323084401044163,1,5.825584633147859,4.006418286572224,5.731676587699665,-4.039502263171072,-5.835258687274948
Cl2Ru-GeSe,GeSe-CdI2,2.0124808,3.629692505,69.98315333443534,3.601955659664145,1.084900681591748,2,5.288152220871785,4.243119797748751,5.24179837229551,-4.281178964175975,-5.224231855050542
Br2Ca-PbTe,GeSe-CdI2,0.584273501,4.311301995,24.39778807469198,3.9921788713132793,1.8361316198031303,1,5.772393507846355,3.949091618623081,5.427065052462547,-4.101886301197232,-5.624845246502343
Cl2Sr-PbTe,GeSe-CdI2,3.161169461,4.39333731,5.147305462684676,4.015363568764986,1.7322768380400877,1,5.764016271046154,4.167853785243866,5.446683241328696,-4.415986929228096,-5.802622364796208
CaCl2-SnTe,GeSe-CdI2,0.845898366,4.155202015,22.409825763224063,4.034138578096253,1.9391597837669277,1,5.4293779575297,3.626587861129802,5.232297407126542,-3.599131129187467,-5.418434216232929
CdI2-SnTe,GeSe-CdI2,3.568224204,4.248575765,31.6123113155788,4.0542804121028055,1.2245427182259658,1,5.339773706013071,4.18839597340351,5.207715634808842,-4.256685448607158,-5.443116163570904
I2Zn-SnTe,GeSe-CdI2,1.761984215,4.1363356200000005,38.518608367236055,4.063633324440019,0.9886769026715284,1,5.349696071165471,4.158213265246408,5.117309726076987,-4.278884043577764,-5.366575788573544
I2Mg-SnTe,GeSe-CdI2,0.82557198,4.19007244,40.828207796330425,4.126805668279946,1.629715389612655,1,5.479421018887617,3.698601721883997,5.082474841528022,-3.913274917999007,-5.387351387352198
Br2Cd-SnTe,GeSe-CdI2,2.688580479,4.117426249999999,27.01350938422148,3.986434833578011,1.100425763730525,2,5.329423510872682,4.200098852159794,5.257760571114956,-4.326276904846262,-5.443836404482786
CdCl2-GeTe,GeSe-CdI2,1.11829988,3.921526645,40.54136115658082,3.793110594135374,0.8809595914412418,2,5.464119337508464,4.274409838019845,5.326465552435731,-4.375435044269002,-5.491545729959644
Br2Zn-GeTe,GeSe-CdI2,3.754973348,3.87078047,55.12702772432403,3.809787143904696,1.3168991593235475,1,5.217179934533243,4.069747829500289,5.05995737800789,-4.064603413212471,-5.269961543933015
GeTe-I2Zn,GeSe-CdI2,3.889946252,4.021674345,55.21704403909136,3.971849966275734,0.930647398278866,1,5.303033844941202,4.353164456106316,5.03925051781433,-4.343382359735472,-5.289206376810341
Br2Mg-SSn,GeSe-CdI2,3.444192027,3.817787445,32.1034262238062,4.002575780388853,1.9779677142441687,1,6.448991592274353,4.454746841221547,6.336117882030397,-4.417573692197532,-6.49200664219729
CaCl2-PbSe,GeSe-CdI2,1.45689925,4.10770506,24.94618505984769,3.999436457532993,1.9408874297691896,1,6.319520895083989,4.269229910522692,5.94614110186318,-4.174734928416959,-6.380024824661917
Br2Zn-SeSn,GeSe-CdI2,2.821638487,3.852458305,44.94245514991701,3.9342867105824793,1.432998316877968,1,5.945507060993178,4.292547471096281,5.838989934875483,-4.372379219811257,-5.955409099083094
Br2Mg-SeSn,GeSe-CdI2,0.597563414,3.89517147,41.346443628731805,3.994984169778337,1.8652417666816783,1,6.078481023693747,4.173424405005767,5.929547781824416,-4.3046096324374,-6.021010144332373
Br2Ru-SeSn,GeSe-CdI2,3.288815075,3.843605,60.174179874593065,3.781496586365349,1.04684668325606,2,5.199069127816258,4.324312782587021,5.242392944644254,-4.374633066903426,-5.239553387191942
Al2Se2-GeSe,GeSe-GaS,2.995866784,3.72196855,62.98303837607784,3.961469684326997,1.5086599900069313,2,5.533346105341923,4.4529911596629965,5.43518275006877,-4.407515815268288,-5.620705249201939
Ga2Te2-SnTe,GeSe-GaS,1.025183791,4.151496175,47.93296904015244,4.1333620045170605,1.1087641410600977,2,5.063382610554423,4.333364050220052,5.046301616791462,-4.232124427166967,-5.144622089391557
Ga2Se2-GeTe,GeSe-GaS,3.06436077,3.88394482,73.84536826787496,3.980831162414429,0.9013744128829408,2,5.2071781366098,4.569380521737831,5.0402013780075485,-4.343508796087779,-5.27507406769074
Cu2I2-PbTe,GeSe-GaSe,3.456291202,4.250443045000001,33.83722491977208,4.020598903294034,1.285749194335731,3,5.238240019565558,4.106728496140609,4.969074330208701,-4.339160563208922,-4.931599785601037
PbTe-S2Zr2,GeSe-GaSe,3.018397631,4.259610895,155.7320703293271,3.3062479112717758,0.0700986703070354,3,4.57590607302113,4.185052494862598,4.499783543552586,-4.280494483995892,-4.182992677705266
Hf2Se2-SnTe,GeSe-GaSe,2.20037368,4.219195445,91.83719750389908,3.593809436879983,0.1448326356002583,3,4.549867467539793,4.161706772439689,4.364618953291516,-4.122186388751593,-4.092772813208752
S2Zr2-SnTe,GeSe-GaSe,0.538915323,4.184050655,159.6305974850257,3.5262743970720662,0.0592552373469291,3,4.43095512281384,3.97915811056172,4.503469795303014,-3.919110997363041,-3.835397904839628
Se2Ti2-SnTe,GeSe-GaSe,3.191378062,4.10723767,124.52090615228704,3.485135396674426,0.1651320321369925,3,4.595382771566172,4.16241719757285,4.774242700413473,-4.1567426109395225,-4.369226653211107
Se2Zn2-SnTe,GeSe-GaSe,2.363269144,4.124045265,51.14704139045119,3.9292161578042775,0.8927723085649787,2,5.273372041097386,4.21624279421726,5.105427574093604,-4.182994021858654,-5.34012511953457
SnTe-Te2Zn2,GeSe-GaSe,3.683097047,4.251061775,32.5531013952812,3.98828991336594,0.6011525001723045,1,4.993065435321229,4.344885582259762,4.896765487337334,-4.351222838944649,-5.076300046374364
Hf2S2-SnTe,GeSe-GaSe,0.595944783,4.160379625,159.33741946696233,3.453433897182495,0.1304004501011448,3,4.6378710825957405,4.04545109107629,4.515013191360179,-4.082464361328093,-3.9377332987092473
GeTe-S2Ti2,GeSe-GaSe,0.649669859,3.93068562,171.17040982909563,3.3550120202402547,0.258105343491699,3,4.740965722177987,4.270283407835716,4.764650406514504,-4.2149047692869,-4.232141332007759
GeTe-I2Pt2,GeSe-GaSe,0.487000753,3.953079625,44.68462193287788,3.976507952647832,0.2830918084566693,3,4.970417968607029,4.643762451838226,4.888230066800339,-4.336665692311106,-4.895436151592773
GeTe-Se2Ti2,GeSe-GaSe,2.460693535,3.992576395,156.29487526573502,3.4274495184474936,0.2146273739949363,3,4.647535003215947,4.328891642395788,4.781394916772653,-4.234316838515433,-4.31532784983742
GeTe-Se2Zn2,GeSe-GaSe,3.288791052,4.00938399,67.85185779461398,3.7692367148624895,0.7910135303096366,2,5.23083936897492,4.386493950302333,4.981205030604811,-4.1798293129570645,-5.239526761980016
S2Zn2-SeSn,GeSe-GaSe,0.403801994,3.914713375,59.66291471983803,3.8648923941180806,1.363230456704975,1,5.956438521726289,4.320672376536564,5.804211187638293,-4.424753379830386,-5.895575985724345
Br2Cu2-SeSn,GeSe-GaSe,1.166445246,3.929728595,75.7010118939476,3.804472780566329,1.142327097063014,2,5.4624146785798615,4.271584387292116,5.328365553631474,-4.306541635991217,-5.532086337870396
BP-S2W,MoS2-BN,0.933424803,3.200884875,89.48258496052401,3.5820139024132844,0.8813737725833889,3,5.373366177335347,4.487086259386818,5.147212390683071,-4.343125020555465,-5.317340687374892
GaN-S2W,MoS2-BN,2.55639568,3.2271959,56.76153276381884,3.488845251652553,1.3470528848969847,3,5.392212791058149,4.224391356021882,5.080185511196086,-4.109650173039165,-5.2643181309341385
AlN-MoS2,MoS2-BN,1.566031155,3.15932843,70.78978371748141,3.360595955410282,1.3150254939976231,2,5.017064070190602,4.049562938846824,5.177235526531761,-4.215878185043351,-5.057597896407098
GaN-MoS2,MoS2-BN,2.615396219,3.226256155,40.84735240967315,3.4146634150393007,1.0289331835840985,3,5.2368995029822,4.411913903465542,5.068992778623428,-4.266619856819924,-5.173516605796787
Cl2Ti-GaN,MoS2-BN,0.323237532,3.27373682,68.74095620002859,3.3317519026592217,1.0599195900507707,3,4.971189239405752,4.3193239027211074,5.237187082992573,-4.16319303985572,-4.93961976400544
Cl2Hf-GaN,MoS2-BN,2.445932516,3.308912735,109.9098749018968,3.2686502076199813,0.8891236632305668,3,5.3133260317391775,4.465060500547422,5.351803064165528,-4.087850923082038,-5.295219282009035
GaN-MoSe2,MoS2-BN,1.557420341,3.29409732,38.55935786127033,3.5567456962668738,1.352883022792136,3,5.023613565229562,4.073740929793945,4.957191065631055,-3.9884835609021136,-5.017304112844487
Cl2Mg-MoTe2,MoS2-CdI2,3.477226467,3.610159015,87.38984247791285,3.9224517287707457,1.272001612353446,2,4.778260702405305,3.598239194950714,4.703899972507288,-3.526576691186352,-4.624360161007369
Cl2Ru-MoTe2,MoS2-CdI2,1.282161373,3.57028069,69.40018357926829,3.837160201948281,0.160496203984839,3,5.069433396895186,4.21749888205788,4.889665618061128,-4.278643012911542,-4.887007823418744
Cl2Zn-CrTe2,MoS2-CdI2,3.64142982,3.5345214350000003,55.578544589447816,3.825308062522038,1.1219198257058434,3,4.95267522184414,4.059565557995525,5.098303758462108,-3.996062006330052,-5.089817193580944
Br2Hf-Cl2Zn,MoS2-CdI2,2.780237348,3.54953228,152.5636907761854,3.7298579798864746,0.7148270647875488,3,4.949177265236028,4.204744034377519,5.1635586081497244,-4.013843084509987,-4.461798226982566
CdCl2-I2Zr,MoS2-CdI2,1.825360106,3.864330455,109.51042873132776,3.885282820222385,0.3829417300560297,3,4.64152731741387,4.564131724756967,5.0735162285398,-4.287151292467857,-4.4575020612631295
Br2Zn-I2Zr,MoS2-CdI2,0.811687862,3.81358428,127.8059758421034,3.998247817163368,0.6379672435242393,3,4.562324783740599,4.116357353241466,4.541719653658017,-3.9234408017231113,-3.9008669170422072
Br2Mg-I2Zr,MoS2-CdI2,1.412544718,3.856297445,123.2024214503296,4.051876186386759,1.0858759031461394,3,4.48227431943946,3.646636338676348,4.504568675644359,-3.576153182999011,-3.776599835568765
HfO2-MoS2,MoS2-CdI2,2.185653623,3.21924726,95.9907098444008,3.543162570617754,1.5775042226871503,2,5.797934930491,3.900585432066123,5.508063310787763,-4.048429698847333,-5.865544799129181
Cl2Ti-HfO2,MoS2-CdI2,0.753038935,3.266727925,143.00429861978378,3.3272985641945128,1.0493023268807675,2,5.353917443025787,4.190304845348855,5.267096469610255,-4.008224106729687,-5.443078626395022
Cl2Ti-O2Zr,MoS2-CdI2,0.311900695,3.2739221,145.86191081105622,3.2928275015545734,0.910061748999141,2,5.138026349624671,4.315866250915278,5.243590122752906,-4.142877138436031,-5.237222623628922
Cl2Hf-HfO2,MoS2-CdI2,2.875660957,3.30190384,165.7407871296642,3.2649016228624546,0.9890737597491772,3,5.962909666403667,4.471640391603427,5.683864729720461,-4.250149828466019,-5.697528444207136
Cl2Hf-O2Zr,MoS2-CdI2,2.434597338,3.309098015,165.7362949545586,3.286798017001676,0.90750577086928,3,5.760712495477112,4.57909802657731,5.539698585258374,-4.27865083684704,-5.589065937203647
HfO2-Se2W,MoS2-CdI2,1.964834778,3.28671734,132.1811905015381,3.50983093997495,1.4968558621268002,2,5.545894858682015,3.7296266178230617,5.3315023321948365,-3.838714420633308,-5.564739727165546
Br2Zr-Cl2Zn,MoS2-CdI2,1.021778837,3.580582175,139.7159935360455,3.795071561312414,0.7142090618532778,3,4.609211847684176,4.088486932239578,4.98552737636803,-3.7435470380734657,-4.010565513118768
Br2Zr-Cl2Ru,MoS2-CdI2,0.863109176,3.577729215,139.91147421176032,3.697278871574706,0.0307111705547065,3,4.987021653418716,4.402042095047467,5.06391664260262,-4.251006750654684,-4.700424422742311
Br2Zn-I2Ti,MoS2-CdI2,0.771328227,3.78351542,117.25039976171414,3.959298804509616,0.7533258537776286,3,4.636475218086622,4.057697399634838,4.698648618348193,-3.987019311124433,-4.3081879008227935
Br2Mg-I2Ti,MoS2-CdI2,2.995368585,3.826228585,123.38886107614248,3.96582509285554,1.0469603402386558,3,4.865833772388545,3.9078882046674535,4.7965141799037125,-3.732909893291927,-4.282083773390481
Cl2Mg-I2Ti,MoS2-CdI2,2.57995125,3.72092474,145.7591017710337,3.8722973117703794,1.1348346890208312,2,4.634868096917384,3.697512331620693,4.977268941944852,-3.5334630810267784,-4.083239412147501
HfO2-MoSe2,MoS2-CdI2,1.987191105,3.287088425,98.46470925534796,3.5417304590690586,1.5431601697110766,2,5.504941879076011,3.7155197221309466,5.184342744308122,-3.778581136164145,-5.548002992830891
Cl2Mg-Te2Ti,MoS2-CdI2,1.723526701,3.70485278,83.16819454938417,3.9174320775207994,1.460433595904126,1,5.479970369490892,4.299845779257498,5.427001970484556,-4.267413056880063,-5.472117551721553
Br2Zn-HfI2,MoS2-CdI2,0.659123206,3.785631095,161.43800757784908,3.953335946074775,0.5856680320734646,3,4.741146232330739,4.281148118743712,4.578108216852681,-4.111828222352989,-3.98936177244918
Br2Mg-HfI2,MoS2-CdI2,2.883186365,3.82834426,156.67882453150688,4.05038434125566,0.7935076151095999,3,4.650690048508667,3.960875750086968,4.671873299115172,-3.849097761950112,-3.859304416896452
CrSe2-O2Zr,MoS2-CdI2,1.81047672,3.23949129,103.8494595218996,3.459807329037732,1.2683254857736217,2,5.276763906460356,4.102563030376487,5.30108559074115,-4.30924915836679,-5.560772018520518
Cl2Zn-Te2W,MoS2-CdI2,1.365200853,3.574475605,75.32224805288965,3.872446386202181,0.8474886861768056,3,4.893934874918276,3.845194648911442,4.609820726144686,-3.848472200441382,-4.805390941031169
Cl2Ru-Te2W,MoS2-CdI2,1.206534227,3.571622645,95.33429912923842,3.7435872391731646,0.1729922575111672,3,5.17519504002519,4.233230510836778,4.89636233340155,-4.352640418721443,-4.883161515705358
Ga2S2-MoTe2,MoS2-GaS,2.723176161,3.5963599200000003,70.26292736221282,3.927135316176204,0.7283933022323392,3,4.831307999189866,4.269039990160535,4.786066921368128,-4.175621388681918,-4.724555330049806
Al2S2-Br2Ti,MoS2-GaS,3.173485826,3.52802453,134.6286538236779,3.860907498024058,0.4808552399381234,3,4.821196943313127,4.515251225490901,5.033467274296189,-4.351706614886041,-4.780304466101849
Al2S2-Br2Hf,MoS2-GaS,2.366271481,3.54209739,177.75728244841554,3.83981415548155,0.3992830503265644,3,4.711349831587651,4.541274704691523,4.635605271336268,-4.361807362892747,-4.362285186318622
Al2Se2-I2Zr,MoS2-GaS,1.349856583,3.80339132,138.35923206058197,3.966682718892698,0.5508467846496348,3,4.482537223074202,3.992648195152648,4.250589469171834,-3.828647052238297,-4.062986142570878
Ga2Se2-I2Zr,MoS2-GaS,0.120878257,3.82674863,144.1418963348721,4.101821543283796,0.1415296175393688,3,4.657013411778553,4.150229608317362,4.363815168908997,-4.026375516391512,-4.049244988852642
Al2S2-Br2Zr,MoS2-GaS,0.607751302,3.573147285,152.59209601455214,3.888731535196694,0.4902963849691235,3,4.675006302616535,4.145728423255082,4.670668496398092,-4.066870413416209,-4.218331979450348
Br2Zr-Ga2S2,MoS2-GaS,2.304178107,3.603808445,173.34215963215593,3.7418977734401695,0.4563873025757411,3,4.616573954623599,4.24550249688631,4.640584841090629,-4.0303314372080425,-4.132240988157118
Al2Se2-I2Ti,MoS2-GaS,0.233147184,3.77332246,107.22586703504224,3.938195403944717,0.2499317116421199,3,4.873650860117935,4.206537902145064,4.477979442196724,-4.051786396211764,-4.691060287865027
Ga2Se2-I2Ti,MoS2-GaS,1.46212005,3.79667977,135.43627179685728,4.017443665429691,0.1355003780133122,3,4.735170019643852,4.3256726993083126,4.556328493092567,-4.271558352803539,-4.46357175444366
Ga2S2-I2Ti,MoS2-GaS,3.334017912,3.707125645,131.3724246435177,3.9659259890564,0.1096087883900042,3,4.857927888875933,4.5443554082546616,4.823779078503032,-4.354168691413528,-4.567268058937542
Al2Se2-HfI2,MoS2-GaS,0.120940817,3.775438135,174.3164310824639,3.959938060801588,0.368755001620548,3,4.649860294787386,4.048302985053443,4.30574055768563,-3.961891772324879,-4.162993934884193
Al2S2-Te2W,MoS2-GaS,0.951180331,3.567040715,99.13925354375932,3.9282740019865754,0.6413101927753623,3,4.827348094595963,4.176958567754231,4.623079921075154,-4.095963796139263,-4.921360783247231
BaBr2-Sb2Se2,MoS2-GaSe,2.610152775,4.75435392,30.061906341061785,3.585845502836272,1.434961868744942,1,5.178827887092558,3.767570221098615,5.129624946268772,-3.741299907912988,-5.387841949784381
BaBr2-Cd2Te2,MoS2-GaSe,0.503246363,4.680528675,28.02623672104587,3.975897328903554,1.6295966794551051,1,5.429793833580168,4.024246689589998,5.388704606305956,-4.113024264365663,-5.569881842479863
Br2Ca-I2Pt2,MoS2-GaSe,3.864072793,4.040774625,76.56785504104903,3.871371682031537,1.186678967470809,3,5.2246590932573405,4.518836885663846,4.957026678335355,-4.018774369238679,-5.386856636103726
Br2Ca-Hf2Se2,MoS2-GaSe,3.501016069,4.19222917,119.32600315754024,3.408707688130701,0.7646878915444238,3,4.897619958745413,3.843252150991254,4.695921682672139,-3.9372502664840887,-5.009697600134246
Br2Ca-S2Zr2,MoS2-GaSe,1.839776004,4.157084380000001,203.38596230410565,3.379044269245847,0.629087922525725,3,4.527248178089739,3.826616551483365,4.454963520787187,-3.8317181502124766,-4.82613548774308
Br2Ca-Se2Ti2,MoS2-GaSe,1.890681372,4.0802713950000005,179.94644952901493,3.486684031273988,0.9249283491544374,1,4.74160648615788,4.039323206191526,4.754629347265061,-4.139421233494697,-5.175956060374408
Br2Ca-Se2Zn2,MoS2-GaSe,1.062457877,4.09707899,68.71848801462377,3.876784693813547,1.8647183834688772,1,5.869382782586159,4.046662140971783,5.709547741202819,-4.097195882862893,-5.927202958472649
Br2Ca-Hf2S2,MoS2-GaSe,0.704961806,4.13341335,199.54527265678672,3.2215116952875293,0.5250674388486826,3,4.945331181416122,4.079436811967135,4.725282587551783,-3.9645231297724486,-5.004701822179976
CaCl2-S2Ti2,MoS2-GaSe,0.710794097,3.931891205,197.811439343412,3.494266652809467,0.7510413093719915,1,4.728702680605201,4.180555494889515,4.937902496159552,-4.359144478757976,-5.43464102064053
CaCl2-I2Pt2,MoS2-GaSe,0.425876126,3.95428521,85.41611397892319,3.729205205655763,1.1380994561028055,3,5.01240603463158,4.4184577485847285,5.005930565905855,-4.195352899502223,-5.468518039272117
CaCl2-S2Zn2,MoS2-GaSe,0.590909612,3.934241125,69.93280406050783,3.745552693666717,2.074294810933492,1,6.049480270982291,4.072639102653,5.85684571575198,-4.241491037267636,-6.071011338358465
CaCl2-Se2Ti2,MoS2-GaSe,2.399577614,3.99378198,182.2888098487555,3.51105753416562,0.7372959159285112,1,4.658843638084703,4.111294767266446,4.9162254857533645,-4.301527462774523,-5.469279741593646
Br2Cu2-CaCl2,MoS2-GaSe,0.171744555,3.949256345,96.93721346932386,3.875877715350655,1.556182080272622,1,5.350464219779337,4.089756322475324,5.216084895794119,-4.203616825420578,-5.618500467179397
I2In2-I2Sr,MoS2-GaSe,3.441798969,4.557140895,28.923324899735125,4.1152414647780855,1.6793130906735274,1,5.673239353979195,4.014549822928256,5.536654902558312,-3.9189293715570495,-5.620622222394078
I2Sr-Sb2Se2,MoS2-GaSe,3.826445055,4.72598329,50.62319173939449,3.753210647743152,1.393356718145685,1,5.149340168791016,4.038831571842005,5.0822731767077975,-3.996878876603173,-5.076079349733108
Cd2Te2-I2Sr,MoS2-GaSe,0.713360607,4.652158045,49.38532101856689,4.085875542220429,1.559425617912559,1,5.365508324635532,4.204463436970878,5.2723561304029,-4.200185365517472,-5.452988391373151
Hg2I2-I2Sr,MoS2-GaSe,3.960308592,4.545555695,1.4478039415493482,4.111965753495181,1.729217549976895,1,6.04171701605525,4.403605268715124,5.864152540329071,-4.319823795234785,-6.146202815199316
Ag2I2-I2Sr,MoS2-GaSe,1.315205819,4.605280255,61.28029653773066,4.058455129978368,2.0165483878881107,1,5.7451597363518925,3.557405000388008,5.447569117869062,-3.562894829348851,-5.551321787923958
BaCl2-Cd2I2,MoS2-GaSe,2.967450494,4.46717485,32.81274577865305,3.9745854666449327,1.9645469623318303,2,5.9709690746849,3.5732892776899003,5.881909400879056,-3.6852261630347942,-6.172079336546821
BaCl2-I2In2,MoS2-GaSe,1.214765164,4.506086265,37.54822043803815,3.982134556792622,1.788685000299596,1,6.014853483818884,3.740258893277012,5.8103186794580175,-3.7381695388038336,-6.100763725180977
Ag2Cl2-BaCl2,MoS2-GaSe,2.981302408,4.46687,39.65195937197438,3.373640933085636,1.719725092720089,1,5.996603388116873,4.183765936551642,5.921296927434284,-4.183255022633213,-6.184285576281352
BaCl2-Cd2Se2,MoS2-GaSe,1.798525031,4.493051125,31.675681412783952,3.874611378597797,2.065183211016912,1,6.147003162965282,3.873804760928288,6.046385563717999,-3.898774830708671,-6.364578230666677
BaCl2-Cd2Te2,MoS2-GaSe,2.940510416,4.601103415,28.045781958060672,3.9666085827605295,1.6568953004705578,1,5.795398612611571,3.967123577945795,5.397821133416596,-4.000130856893032,-5.9711274936861765
PdSe2-S2Ti2,MoS2-GaSe,2.100657104,3.959505195,160.69328261430627,3.1968988626212997,0.0638740892362676,2,4.496451651754821,4.126696033543484,4.72824816019294,-4.22062277751924,-4.140609554522697
I2Pt2-PdSe2,MoS2-GaSe,0.96405303,3.9818992,28.103861607905447,3.477177800859631,0.146793570238789,3,5.106635906143252,4.784645388868832,4.870721268399677,-4.409336817867617,-4.799240369568731
PdSe2-S2Zn2,MoS2-GaSe,1.980783831,3.961855115,72.13235835956925,3.3923472823220875,0.2764060970258116,2,4.86336425736435,4.1332580753875705,5.021795397375955,-4.155340499314391,-4.5217503786412365
PdSe2-Se2Ti2,MoS2-GaSe,1.009746917,4.02139597,142.96966906354277,3.2986734432326386,0.0030458203963464,3,4.488373282435624,4.241654929684676,4.684922708747891,-4.308432125615232,-4.114291303460865
Br2Cu2-PdSe2,MoS2-GaSe,1.218177605,3.976870335,65.61999686645069,3.4112124745682646,0.1501480059940379,2,5.003173571277214,4.244607654994925,4.78104170024313,-4.205058347196568,-4.683741600146276
PdSe2-Se2Zn2,MoS2-GaSe,1.837973578,4.038203565,51.2518460270113,3.4433705407139867,0.1237313206823944,3,4.898085409818545,4.30225216821125,4.898461395263517,-4.380955440200059,-4.599947582532621
Hf2S2-PdSe2,MoS2-GaSe,3.605067399,4.074537925,150.98957579072257,3.099462111748176,0.0446221320649259,3,4.717226035165477,4.106264625049909,4.611507187365039,-4.23520760343375,-4.127252569759328
I2Zr-S2Zn2,MoS2-GaSe,2.413818729,3.87583935,133.60515618417526,3.893528210785712,0.5401632833763982,3,4.452928113468952,3.948769842001562,4.454895308224584,-3.848433038031669,-3.735308341903109
CaI2-Hf2Se2,MoS2-GaSe,2.775651744,4.325646925,116.28630740149887,3.561720803689613,0.5366045632758522,3,4.7239722955967,3.845717004728349,4.581459207695767,-3.766455442525075,-4.360993562917454
CaI2-I2In2,MoS2-GaSe,2.099132526,4.4321982250000005,35.5207234645733,4.131201911413393,1.7137178336330363,1,5.65051691682824,4.044969845841164,5.388611924744104,-3.891495647715171,-5.550741420268681
CaI2-Cd2Se2,MoS2-GaSe,1.515387199,4.419163085,47.72899560561431,4.048851113365466,1.754829909205715,1,6.025187791686098,4.302350333257719,5.72506524997115,-4.248061993334784,-5.966219046723403
CaI2-Te2Zn2,MoS2-GaSe,1.292760945,4.357513255000001,57.6064752717231,4.158792587957776,1.4027428776344073,1,5.294086801859477,4.0622446728782124,4.9499775327116495,-4.084091870935026,-5.162326003790428
BaI2-Sb2Se2,MoS2-GaSe,2.16335963,4.86906961,104.2603271325316,3.657655144942325,1.1337276047903182,1,5.225573309362783,4.685714278411859,5.183418604207109,-3.954890773179869,-5.451117952819213
BaI2-Bi2Se2,MoS2-GaSe,0.088821513,4.91955254,64.78699828967973,3.5653637594696104,1.2962805431236006,1,5.389070925626297,4.692023191378796,5.411234737352043,-4.102187373789601,-5.546771713694412
Cd2I2-I2Sn,MoS2-GaSe,0.422823574,4.41021797,14.152302844866895,4.165045652019082,1.6764598953339869,2,5.628129401983285,4.016070274921629,5.5762770070507335,-4.006965328129433,-5.7617855588745135
I2In2-I2Sn,MoS2-GaSe,1.330044364,4.449129385,13.900925015682567,4.183803228556604,1.2263833034214344,2,5.493489298473551,4.273899672007517,5.42538127188493,-4.335792360166091,-5.6062835361490935
Cd2S2-I2Sn,MoS2-GaSe,2.382235162,4.3675194,21.04891924268054,3.7747059017022697,1.5326004834367204,2,5.904578886120748,4.292700108086476,5.78601646365113,-4.37571449996493,-5.882135935210942
Cd2Se2-I2Sn,MoS2-GaSe,0.746267097,4.436094245,25.458362781235795,4.03820933393717,1.4484679500865432,2,5.896340721489543,4.376527338719308,5.70329310972089,-4.411433065680068,-5.859887924565542
I2Sn-Te2Zn2,MoS2-GaSe,2.061851539,4.374444415,33.59383852358373,4.063818893351892,0.8313741416992445,1,5.1278281064246025,4.239378890734028,4.869022930018249,-4.255341251849869,-5.222331687457494
Br2Sr-Hf2Se2,MoS2-GaSe,2.84762119,4.32722598,123.0927336998504,3.459193742007621,0.8202036501786838,3,4.845197297647521,3.858765149579755,4.841439176908704,-3.793500573309284,-4.79874204518998
Br2Sr-I2In2,MoS2-GaSe,2.027156514,4.43377728,37.59701924393394,4.051190348701069,1.7975305698044926,2,5.69253157187903,3.7017265454231847,5.651008571973168,-3.740542406499989,-5.748042527923003
Ag2Br2-Br2Sr,MoS2-GaSe,1.024388419,4.41143258,47.633949109665785,3.79458117233732,1.8387783418389767,1,6.167686319417986,4.262036976945032,5.861726469520384,-4.247689243399888,-6.190381628673411
Br2Sr-Cd2Se2,MoS2-GaSe,1.443407465,4.42074214,43.25284863398905,3.941239520760515,1.8114310948363224,1,6.015666156155133,4.189632378707359,5.859592700763124,-4.256244256598841,-6.101906337233579
Br2Sr-Te2Zn2,MoS2-GaSe,1.36474144,4.35909231,56.32604179507827,3.9837431867741655,1.393911497315639,1,5.191817122116233,3.9876297131136,5.090004110567793,-4.06084996060333,-5.254032328666755
I2Ti-S2Zn2,MoS2-GaSe,3.996428277,3.84577049,111.93899214499012,3.882249149928008,0.1376408789975818,3,4.588981303930817,4.315884717561482,4.889525411024224,-4.225359418628147,-4.149316096913913
HfI2-S2Zn2,MoS2-GaSe,3.884265375,3.847886165,166.39060731590155,3.8046904637955294,0.3725479219042142,3,4.64860719156087,4.524318642819964,4.5977038302002295,-4.375530718677211,-3.8364911339513785
Ag2I2-I2Pb,MoS2-GaSe,1.598457583,4.538721035,54.68534059382937,4.045773639183219,1.6488092984164415,2,5.779110290900567,4.159713591297717,5.487846470969873,-4.290085715424527,-5.6241366133260975
Cl2Sr-Hf2Se2,MoS2-GaSe,0.971804156,4.244987995,125.48055149934927,3.4585934079533263,0.7735579520226128,3,4.964675537381081,3.8718928114207634,4.967385052773188,-3.7859951715675377,-5.071936410899942
Br2Cd2-Cl2Sr,MoS2-GaSe,2.884823633,4.16429522,26.825430212868344,3.896203875535141,1.9531147089352148,1,6.358842001654875,4.249459548524555,6.1863602175573496,-4.217202986771384,-6.41977341762803
Cl2Sr-I2Zn2,MoS2-GaSe,0.778125516,4.207989785,36.76159084794763,3.992766185904833,1.9891724602425072,2,5.634160293169503,3.592244481894526,5.718170422419173,-3.660909488914675,-5.76113116095028
Cl2Sr-S2Zr2,MoS2-GaSe,0.689731299,4.209843205,201.8048120720992,3.404339321344182,0.6380317509321738,3,4.583838087597826,4.006847343034291,4.8659335355590585,-3.875401252375638,-4.850204745050476
Cl2Sr-Se2Zn2,MoS2-GaSe,3.591643632,4.149837815,56.99773181808016,3.854627704158595,1.9835931118385035,1,5.8940706037114206,4.020169905395471,5.872358998004418,-4.046199644756613,-6.052012355456874
Cl2Sr-Te2Zn2,MoS2-GaSe,2.454739546,4.276854325,49.275826510637145,3.9175010539009936,1.429502639335324,1,5.14205777772282,3.927174357931639,5.121320662893461,-4.044785321063783,-5.395468132760408
Cl2Sr-Hf2S2,MoS2-GaSe,1.82454659,4.186172174999999,200.15465316326592,3.3460002874970782,0.5966654843309325,3,5.08673554481786,4.352735452250703,5.112986461443737,-4.00814018704931,-5.152975096631373
GeS-MoTe2,MoS2-GeSe,1.678617738,3.5178665450000004,61.61431700779513,3.856435193832717,0.7607830254754622,3,5.075102287450919,4.512506996492159,5.049592563729703,-4.43314644158528,-5.035460524658081
Br2Hf-GeS,MoS2-GeSe,0.339092506,3.494265175,175.53174041296896,3.8353062195647656,0.5935089930628528,3,4.930074287752929,4.389591638930741,4.867883494319004,-4.3988313040512415,-4.754738636671882
GeTe-I2Zr,MoS2-GeSe,2.943509772,3.88625767,119.17681616553637,4.024479635005764,0.1574882587394772,3,4.615700757877698,4.208547561451481,4.7053283994048565,-4.176532869264513,-4.319038545479675
I2Zr-SSn,MoS2-GeSe,2.031894443,3.79055148,118.11211226600398,4.070873109542311,0.53135768928452,3,4.737328475031294,4.407315718400861,4.813469527996019,-4.387868419416245,-4.669287579038919
I2Zr-SeSn,MoS2-GeSe,2.010065715,3.867935505,125.445621870358,4.103427321239824,0.5699125241018471,3,4.620812981772401,4.304339917923085,4.68800138961051,-4.274965372758882,-4.534188270242772
Br2Zr-GeSe,MoS2-GeSe,2.875465109,3.61425265,143.8373507045418,3.8368313297217145,0.7188909924783535,3,4.701170493798885,4.21824705635458,4.916733041573251,-4.194084311259422,-4.384469957731534
Br2Zr-GeS,MoS2-GeSe,2.097644639,3.52531507,151.89162809092565,3.9170813706063017,0.6024874100622485,3,4.630684991071471,4.380769211146147,4.9446332674233,-4.350507687505524,-4.503415840998904
GeSe-I2Ti,MoS2-GeSe,2.762767843,3.71756985,123.83642775955973,3.866312514578826,0.2919638488452032,3,4.889112206814807,4.463728511698028,4.9189339817907145,-4.31495959914123,-4.64396873868167
GeSe-HfI2,MoS2-GeSe,2.874952009,3.719685525,166.63780938734672,3.908149866228137,0.438355680567484,3,4.696789417692559,4.3176994196596095,4.659172361196062,-4.3352740175706765,-4.441390767944322
CdCl2-S2Ti2,GaSe-CdI2,0.468638533,3.908758405,158.55988270556446,3.3826817733020684,0.3668879859911682,3,4.855450957880236,4.389463419498728,5.118211503074297,-4.434430243814079,-4.865640124918873
Br2Zn-S2Ti2,GaSe-CdI2,3.105492885,3.85801223,181.13135815738383,3.573401565207359,0.4837678175949795,1,4.542385160722735,4.065555106104674,4.778037888121023,-4.122892704893781,-4.404639757668007
Br2Mg-S2Ti2,GaSe-CdI2,0.88147627,3.900725395,197.52341227203223,3.590088597536459,1.0010996104123122,1,4.576362635447253,3.974224807280693,4.654218220115246,-3.964875588473028,-4.381415591334188
Br2Ru-S2Ti2,GaSe-CdI2,3.57264827,3.849158925,179.10351900250745,3.487728561336558,0.0758672457477309,1,4.503999362615715,4.13210918314715,4.4826270723750055,-4.21850552383041,-4.296433891142844
Br2Mg-I2Pt2,GaSe-CdI2,2.018087341,3.9231194,76.92730513924897,3.880722448531701,1.3504482680947385,3,4.989394065622722,3.946004168581775,4.805883130838003,-3.7222750256418218,-4.963415901642149
I2Pt2-PtTe2,GaSe-CdI2,1.331455563,3.98926302,59.23428449434631,3.626255155848738,0.0140057237192433,3,4.785720075501932,4.609985328120349,4.753393543392607,-4.379681770092825,-4.686141770691342
I2Pt2-I2Zn,GaSe-CdI2,3.403106671,4.03130011,59.08749307840164,3.847446876990753,0.1570067571667939,3,5.08982802486914,4.634061434364514,4.7913245135454,-4.354555367332956,-5.0765741253171806
Br2Cd-I2Pt2,GaSe-CdI2,2.476595917,4.01239074,36.10395751967563,3.809718690590728,0.6526044517430403,3,5.028347657997293,4.600796897788057,5.001785747491444,-4.431908832815652,-5.003860623483255
HfO2-Ir2S2,GaSe-CdI2,0.761560125,3.26686764,48.14699593451079,3.467191714433997,1.098440014758446,3,5.5083765875786,4.119144630887623,5.287241785597379,-4.240937950897821,-5.843985106373673
Ir2S2-O2Zr,GaSe-CdI2,0.320421986,3.274061815,54.61441843211202,3.4715097378667465,1.046486919429436,3,5.416748100636958,4.185132312746236,5.192088221310807,-4.25235766787798,-5.737736839012391
Br2Mg-S2Zn2,GaSe-CdI2,1.001359368,3.903075315,58.422293563787,3.768606632260652,2.230118274427717,1,6.209465120439052,3.887380241845903,5.979957841688102,-3.938894465215789,-6.172061966999762
PtTe2-S2Zn2,GaSe-CdI2,2.348155432,3.969218935,60.2177392121637,3.6953312514145873,0.6526266278595393,3,4.545122122469595,4.086973057229004,4.673493158022724,-4.08068393381254,-4.512087585305943
Br2Ru-S2Zn2,GaSe-CdI2,3.692494475,3.851508845,90.94555929313606,3.640474017965872,0.8839852679425592,2,4.964421636799517,3.9679018162891806,5.096674836556007,-3.982425234466729,-4.869512667875696
CdI2-Cu2I2,GaSe-CdI2,3.467347306,4.25068216,67.50483989341416,4.052405987752615,1.3413600302420303,2,5.0177546436305605,3.602059755806107,4.757938976070831,-3.5817137144437723,-4.918346448740501
Cu2I2-PtTe2,GaSe-CdI2,3.934390213,4.096404925,74.45133408618949,3.8020386506028983,0.6397252799621918,1,4.721526070467314,3.946906992257305,4.669640768643367,-3.9459016174489614,-4.385754048905497
Cu2I2-I2Zn,GaSe-CdI2,1.862884045,4.138442015000001,74.48216035869069,4.049887939024347,1.2060963187645282,2,5.055134057750983,3.6512634123544014,4.746198677128405,-3.619141100898165,-4.895456890370564
Cu2I2-I2Mg,GaSe-CdI2,0.724665379,4.192178835,74.03103662371174,4.051216436671653,1.7053316209894365,2,5.1734446117769055,3.198210388785242,4.833167285942578,-3.212033679751656,-4.883087073286656
Br2Cd-Cu2I2,GaSe-CdI2,2.78946967,4.119532645,59.050092772798585,3.88906232332836,1.0833985925791438,3,4.873730294413803,3.899487022605741,4.811456549362602,-3.921356133061295,-4.873212015351535
GeI2-Hf2Se2,GaSe-CdI2,0.813030779,4.283025635,118.94974634596994,3.659450355463671,0.0124071778777724,3,4.69950071428844,4.270413466893219,4.415902405595451,-4.189203116369659,-4.192600099232346
Hf2Se2-I2Mg,GaSe-CdI2,1.374864138,4.236491474999999,128.7239308050481,3.803247208814912,0.8847102221831808,1,4.924984168617071,3.575109261308537,4.551570867012717,-3.63321196108112,-4.192609567748067
Br2Cd2-I2Mg,GaSe-CdI2,2.481822333,4.1557987,46.81553646204567,4.118460241942506,1.8452201429996404,1,6.009298958797666,4.266908065741682,5.843393008171529,-4.187581484142318,-6.003006116409226
I2Zn-I2Zn2,GaSe-CdI2,2.212460766,4.145756445,47.256835856823,4.168966015051929,1.7213226237160684,2,5.5806084927901,3.983206917373658,5.349035425050023,-3.897746365515295,-5.601573193739919
GeI2-I2Zn2,GaSe-CdI2,2.562836214,4.246027424999999,47.53097708640277,4.132010296084652,1.7139362282371922,2,5.526116770117214,4.095369605341185,5.2455698852149375,-3.960509751984282,-5.528171318719255
Cd2I2-CdI2,GaSe-CdI2,1.753966026,4.362634685,28.253206697547185,4.182007045404358,1.812175214536372,2,5.706380067039911,3.939227455091963,5.541313102908116,-3.8873293128941073,-5.758968709926854
Cd2I2-HgI2,GaSe-CdI2,0.313732627,4.39400154,10.043144849152569,3.749683329065739,1.3078029987997208,2,5.66491727074979,4.436432396717651,5.522880158695914,-4.425525277135305,-5.694435239359917
CdI2-I2In2,GaSe-CdI2,3.506539806,4.4015461,25.917016185792605,4.18887557273104,1.3668122948518078,2,5.579379566890674,4.173777920814,5.394449579123064,-4.224813960622287,-5.616466166080301
I2Mg-S2Zr2,GaSe-CdI2,0.286659845,4.201346685,202.29087539576096,3.7127414228973383,0.7576529640136519,1,4.423717892699896,3.5688757416471413,4.517318500338653,-3.634091496875409,-3.730811202551672
CdCl2-Se2Ti2,GaSe-CdI2,3.578747216,3.97064918,137.91770177845794,3.454157934721615,0.3463794004582035,3,4.765307923196859,4.356133721279581,5.156739481645409,-4.3587194183463,-4.903618763187593
Br2Mg-Se2Ti2,GaSe-CdI2,3.991441787,3.96261617,180.8780733667352,3.759771420683863,0.9966596244933368,1,4.509628386846201,4.060407387559987,4.750307111286992,-3.979397719197632,-4.425571297185153
I2Zn-Se2Ti2,GaSe-CdI2,1.429594818,4.07079688,156.73348363561075,3.640334450005297,0.0268957299935404,3,4.591558118145129,4.084912227864462,4.769599515803754,-4.2748706416016695,-4.414586344445093
Br2Cu2-Br2Zn,GaSe-CdI2,3.987755611,3.87537737,83.11025670872394,3.779049114226831,1.5379501387874592,1,5.385129187556304,4.031270607769442,5.310229914406187,-3.927689492412689,-5.464208715361291
Br2Cu2-Br2Mg,GaSe-CdI2,1.763977922,3.918090535,83.33863582120017,3.8527396594141305,1.7525361173148788,1,5.506707398930534,3.8981400422415726,5.3306839468394855,-3.845146466621366,-5.580370561740381
Br2Cu2-PtTe2,GaSe-CdI2,1.585574187,3.984234155,74.17773560615532,3.758156361087536,0.3568411960738662,3,4.788109817973022,4.170856741045374,4.597795479590892,-4.136424300868019,-4.830676844001824
Br2Cu2-I2Zn,GaSe-CdI2,3.657159636,4.026271245,80.3093194263609,3.788737282506311,1.2768412155691204,2,5.469692202813664,4.148139479016427,5.209256802364317,-4.058896525498866,-5.5513675866048615
PtTe2-Se2Zn2,GaSe-CdI2,1.470584081,4.045567385,61.384559014811884,3.7133404950611055,0.2550662440736202,3,4.671218257096431,4.315718271531976,4.635440821172238,-4.323794556582788,-4.603742782640792
I2Zn-Se2Zn2,GaSe-CdI2,0.601347529,4.087604475,59.97856124697245,3.8468719398083953,1.4955379295804287,2,5.940859828719543,4.180311984910956,5.6005617968847625,-4.134312087576458,-5.873112336810789
Br2Cd-Se2Zn2,GaSe-CdI2,0.325363018,4.068695105,53.56377635704713,3.810781662205655,1.601577356955076,2,5.998190774171787,4.245754473925295,5.726210416223191,-4.230624648208799,-6.003526255715531
Cd2S2-CdI2,GaSe-CdI2,0.205512562,4.319936115,34.27172323056222,3.768695417803884,1.826786795001957,2,6.096362441774807,4.356511838589045,5.860818235368834,-4.412848494016338,-6.055625833324453
CdI2-Te2Zn2,GaSe-CdI2,0.114910597,4.32686113,50.23077125418402,4.047026286284328,1.1985016530219323,1,5.358822194485684,4.1471527225888725,4.9773628549279,-4.230603276022637,-5.264732813075212
GeI2-Te2Zn2,GaSe-CdI2,0.670013253,4.314891965,54.03825758613508,4.044317564658461,0.8132174826758115,1,5.213243080845947,4.2988423275956285,4.888525062705507,-4.310915740723596,-5.10655567233386
Br2Mg-Br2Pt2,GaSe-CdI2,3.334470247,3.81984757,93.07488271049482,3.80726397765627,1.4498497830267765,1,5.597416048923063,4.0628692683409,5.434848271531257,-4.019028094940671,-5.442296759478806
Br2Pt2-Br2Ru,GaSe-CdI2,0.643230668,3.7682811,127.703519897289,3.647232070039351,0.2468334810195217,2,5.422569495610551,4.659527799564687,5.29858180926149,-4.4278321099077855,-5.300223337580614
GeI2-Hf2S2,GaSe-CdI2,3.609052453,4.224209815,184.74070926284267,3.3411135358036925,0.0234802670928412,3,4.841259325329286,4.090557433497547,4.527900539187137,-4.173644599942515,-4.176796488850018
Hf2S2-I2Mg,GaSe-CdI2,1.421499279,4.177675655,201.71309911315143,3.685979327707438,0.7526839344495205,1,4.997046795780864,3.531301735247527,4.822431061487059,-3.656607080147104,-4.237077106736378
